id,firstname,lastname,email,email2,profession
100,Hope,Euridice,Hope.Euridice@yopmail.com,Hope.Euridice@gmail.com,worker
101,Rosaline,Margret,Rosaline.Margret@yopmail.com,Rosaline.Margret@gmail.com,police officer
102,Nyssa,Ovid,Nyssa.Ovid@yopmail.com,Nyssa.Ovid@gmail.com,developer
103,Meg,Kronfeld,Meg.Kronfeld@yopmail.com,Meg.Kronfeld@gmail.com,worker
104,Emelina,Reidar,Emelina.Reidar@yopmail.com,Emelina.Reidar@gmail.com,doctor
105,Dennie,Malina,Dennie.Malina@yopmail.com,Dennie.Malina@gmail.com,doctor
106,Frances,Kolnick,Frances.Kolnick@yopmail.com,Frances.Kolnick@gmail.com,worker
107,Marsiella,Sigfrid,Marsiella.Sigfrid@yopmail.com,Marsiella.Sigfrid@gmail.com,worker
108,Deirdre,Mich,Deirdre.Mich@yopmail.com,Deirdre.Mich@gmail.com,police officer
109,Pierette,Brackely,Pierette.Brackely@yopmail.com,Pierette.Brackely@gmail.com,doctor
110,Ashlee,Blase,Ashlee.Blase@yopmail.com,Ashlee.Blase@gmail.com,developer
111,Clo,Yuille,Clo.Yuille@yopmail.com,Clo.Yuille@gmail.com,firefighter
112,Blondelle,Marlie,Blondelle.Marlie@yopmail.com,Blondelle.Marlie@gmail.com,firefighter
113,Nollie,Arquit,Nollie.Arquit@yopmail.com,Nollie.Arquit@gmail.com,police officer
114,Gusella,Candy,Gusella.Candy@yopmail.com,Gusella.Candy@gmail.com,worker
115,Cissiee,Gladstone,Cissiee.Gladstone@yopmail.com,Cissiee.Gladstone@gmail.com,police officer
116,Marcy,Kendrick,Marcy.Kendrick@yopmail.com,Marcy.Kendrick@gmail.com,police officer
117,Sharlene,Arathorn,Sharlene.Arathorn@yopmail.com,Sharlene.Arathorn@gmail.com,worker
118,Bernie,Tound,Bernie.Tound@yopmail.com,Bernie.Tound@gmail.com,firefighter
119,Ann-Marie,Shelba,Ann-Marie.Shelba@yopmail.com,Ann-Marie.Shelba@gmail.com,police officer
120,Cristine,Eno,Cristine.Eno@yopmail.com,Cristine.Eno@gmail.com,police officer
121,Cecile,Tippets,Cecile.Tippets@yopmail.com,Cecile.Tippets@gmail.com,developer
122,Gilligan,Corilla,Gilligan.Corilla@yopmail.com,Gilligan.Corilla@gmail.com,developer
123,Fina,Peti,Fina.Peti@yopmail.com,Fina.Peti@gmail.com,firefighter
124,Lexine,Helfand,Lexine.Helfand@yopmail.com,Lexine.Helfand@gmail.com,doctor
125,Louella,Amand,Louella.Amand@yopmail.com,Louella.Amand@gmail.com,police officer
126,Annora,Karna,Annora.Karna@yopmail.com,Annora.Karna@gmail.com,police officer
127,Olwen,Turne,Olwen.Turne@yopmail.com,Olwen.Turne@gmail.com,police officer
128,Ashlee,Loring,Ashlee.Loring@yopmail.com,Ashlee.Loring@gmail.com,police officer
129,Carree,Nikaniki,Carree.Nikaniki@yopmail.com,Carree.Nikaniki@gmail.com,developer
130,Hyacinthe,Chandler,Hyacinthe.Chandler@yopmail.com,Hyacinthe.Chandler@gmail.com,police officer
131,Maud,Taam,Maud.Taam@yopmail.com,Maud.Taam@gmail.com,firefighter
132,Ninnetta,Gombach,Ninnetta.Gombach@yopmail.com,Ninnetta.Gombach@gmail.com,firefighter
133,Gusty,Delila,Gusty.Delila@yopmail.com,Gusty.Delila@gmail.com,firefighter
134,Lory,Alarise,Lory.Alarise@yopmail.com,Lory.Alarise@gmail.com,firefighter
135,Maud,Kiyoshi,Maud.Kiyoshi@yopmail.com,Maud.Kiyoshi@gmail.com,doctor
136,Annora,Allys,Annora.Allys@yopmail.com,Annora.Allys@gmail.com,firefighter
137,Hettie,Alejoa,Hettie.Alejoa@yopmail.com,Hettie.Alejoa@gmail.com,developer
138,Abbie,Riordan,Abbie.Riordan@yopmail.com,Abbie.Riordan@gmail.com,police officer
139,Rubie,Fancie,Rubie.Fancie@yopmail.com,Rubie.Fancie@gmail.com,doctor
140,Ruthe,Cutlerr,Ruthe.Cutlerr@yopmail.com,Ruthe.Cutlerr@gmail.com,developer
141,Valli,Regan,Valli.Regan@yopmail.com,Valli.Regan@gmail.com,firefighter
142,Janeczka,Annabella,Janeczka.Annabella@yopmail.com,Janeczka.Annabella@gmail.com,police officer
143,Agathe,Boycey,Agathe.Boycey@yopmail.com,Agathe.Boycey@gmail.com,police officer
144,Joeann,Kravits,Joeann.Kravits@yopmail.com,Joeann.Kravits@gmail.com,police officer
145,Leia,Mike,Leia.Mike@yopmail.com,Leia.Mike@gmail.com,doctor
146,Merci,Jorgan,Merci.Jorgan@yopmail.com,Merci.Jorgan@gmail.com,firefighter
147,Merci,Germann,Merci.Germann@yopmail.com,Merci.Germann@gmail.com,doctor
148,Joane,Jacinda,Joane.Jacinda@yopmail.com,Joane.Jacinda@gmail.com,firefighter
149,Christy,Hilbert,Christy.Hilbert@yopmail.com,Christy.Hilbert@gmail.com,doctor
150,Nyssa,Egbert,Nyssa.Egbert@yopmail.com,Nyssa.Egbert@gmail.com,developer
151,Imojean,Silvan,Imojean.Silvan@yopmail.com,Imojean.Silvan@gmail.com,doctor
152,Perry,Atcliffe,Perry.Atcliffe@yopmail.com,Perry.Atcliffe@gmail.com,police officer
153,Babita,Laverne,Babita.Laverne@yopmail.com,Babita.Laverne@gmail.com,doctor
154,Dianemarie,Parsaye,Dianemarie.Parsaye@yopmail.com,Dianemarie.Parsaye@gmail.com,police officer
155,Catharine,McClimans,Catharine.McClimans@yopmail.com,Catharine.McClimans@gmail.com,doctor
156,Marika,Drisko,Marika.Drisko@yopmail.com,Marika.Drisko@gmail.com,police officer
157,Rozele,Ader,Rozele.Ader@yopmail.com,Rozele.Ader@gmail.com,doctor
158,Blinni,Chobot,Blinni.Chobot@yopmail.com,Blinni.Chobot@gmail.com,firefighter
159,Maryellen,Phaidra,Maryellen.Phaidra@yopmail.com,Maryellen.Phaidra@gmail.com,worker
160,Beth,Syd,Beth.Syd@yopmail.com,Beth.Syd@gmail.com,developer
161,Sybille,Jarib,Sybille.Jarib@yopmail.com,Sybille.Jarib@gmail.com,firefighter
162,Florencia,Salchunas,Florencia.Salchunas@yopmail.com,Florencia.Salchunas@gmail.com,worker
163,Meg,Bennie,Meg.Bennie@yopmail.com,Meg.Bennie@gmail.com,firefighter
164,Chastity,Hepsibah,Chastity.Hepsibah@yopmail.com,Chastity.Hepsibah@gmail.com,police officer
165,Kathi,Morgun,Kathi.Morgun@yopmail.com,Kathi.Morgun@gmail.com,worker
166,Beverley,Cutlerr,Beverley.Cutlerr@yopmail.com,Beverley.Cutlerr@gmail.com,firefighter
167,Sallie,Janene,Sallie.Janene@yopmail.com,Sallie.Janene@gmail.com,doctor
168,Jorry,Jary,Jorry.Jary@yopmail.com,Jorry.Jary@gmail.com,police officer
169,Ivett,Melony,Ivett.Melony@yopmail.com,Ivett.Melony@gmail.com,firefighter
170,Aeriela,Bethany,Aeriela.Bethany@yopmail.com,Aeriela.Bethany@gmail.com,police officer
171,Anica,Fabiola,Anica.Fabiola@yopmail.com,Anica.Fabiola@gmail.com,worker
172,Blake,Palocz,Blake.Palocz@yopmail.com,Blake.Palocz@gmail.com,worker
173,Beth,Fitzsimmons,Beth.Fitzsimmons@yopmail.com,Beth.Fitzsimmons@gmail.com,worker
174,Demetris,Infield,Demetris.Infield@yopmail.com,Demetris.Infield@gmail.com,doctor
175,Tani,Agle,Tani.Agle@yopmail.com,Tani.Agle@gmail.com,doctor
176,Jaime,Denis,Jaime.Denis@yopmail.com,Jaime.Denis@gmail.com,firefighter
177,Neila,Fink,Neila.Fink@yopmail.com,Neila.Fink@gmail.com,police officer
178,Ilse,Travax,Ilse.Travax@yopmail.com,Ilse.Travax@gmail.com,police officer
179,Sheelagh,Maxi,Sheelagh.Maxi@yopmail.com,Sheelagh.Maxi@gmail.com,firefighter
180,Frances,Lesley,Frances.Lesley@yopmail.com,Frances.Lesley@gmail.com,doctor
181,Dari,Gilbertson,Dari.Gilbertson@yopmail.com,Dari.Gilbertson@gmail.com,police officer
182,Kirbee,Brodench,Kirbee.Brodench@yopmail.com,Kirbee.Brodench@gmail.com,doctor
183,Heddie,Hollingsworth,Heddie.Hollingsworth@yopmail.com,Heddie.Hollingsworth@gmail.com,worker
184,Debee,Jefferey,Debee.Jefferey@yopmail.com,Debee.Jefferey@gmail.com,doctor
185,Nickie,Zina,Nickie.Zina@yopmail.com,Nickie.Zina@gmail.com,developer
186,Corene,Raffo,Corene.Raffo@yopmail.com,Corene.Raffo@gmail.com,firefighter
187,Sheelagh,Tannie,Sheelagh.Tannie@yopmail.com,Sheelagh.Tannie@gmail.com,worker
188,Randa,Kermit,Randa.Kermit@yopmail.com,Randa.Kermit@gmail.com,police officer
189,Nickie,Rurik,Nickie.Rurik@yopmail.com,Nickie.Rurik@gmail.com,developer
190,Joy,Iphlgenia,Joy.Iphlgenia@yopmail.com,Joy.Iphlgenia@gmail.com,police officer
191,Hildegaard,Elisha,Hildegaard.Elisha@yopmail.com,Hildegaard.Elisha@gmail.com,worker
192,Isa,Borrell,Isa.Borrell@yopmail.com,Isa.Borrell@gmail.com,developer
193,Sashenka,Susannah,Sashenka.Susannah@yopmail.com,Sashenka.Susannah@gmail.com,worker
194,Feliza,Phaidra,Feliza.Phaidra@yopmail.com,Feliza.Phaidra@gmail.com,developer
195,Sallie,Rurik,Sallie.Rurik@yopmail.com,Sallie.Rurik@gmail.com,firefighter
196,Alexine,Weide,Alexine.Weide@yopmail.com,Alexine.Weide@gmail.com,police officer
197,Vivia,Bultman,Vivia.Bultman@yopmail.com,Vivia.Bultman@gmail.com,developer
198,Roseline,Pierette,Roseline.Pierette@yopmail.com,Roseline.Pierette@gmail.com,doctor
199,Karly,Truc,Karly.Truc@yopmail.com,Karly.Truc@gmail.com,doctor
200,Ulrike,Aurelio,Ulrike.Aurelio@yopmail.com,Ulrike.Aurelio@gmail.com,doctor
201,Wanda,Alwin,Wanda.Alwin@yopmail.com,Wanda.Alwin@gmail.com,worker
202,Christy,Kenwood,Christy.Kenwood@yopmail.com,Christy.Kenwood@gmail.com,police officer
203,Tami,Dyche,Tami.Dyche@yopmail.com,Tami.Dyche@gmail.com,police officer
204,Babita,Carbo,Babita.Carbo@yopmail.com,Babita.Carbo@gmail.com,worker
205,Brianna,Arley,Brianna.Arley@yopmail.com,Brianna.Arley@gmail.com,developer
206,Chandra,Pernick,Chandra.Pernick@yopmail.com,Chandra.Pernick@gmail.com,doctor
207,Jacquetta,Ardeha,Jacquetta.Ardeha@yopmail.com,Jacquetta.Ardeha@gmail.com,police officer
208,Liana,Bibi,Liana.Bibi@yopmail.com,Liana.Bibi@gmail.com,police officer
209,Kerrin,Nerita,Kerrin.Nerita@yopmail.com,Kerrin.Nerita@gmail.com,firefighter
210,Magdalena,Lumbard,Magdalena.Lumbard@yopmail.com,Magdalena.Lumbard@gmail.com,doctor
211,Emma,Hewitt,Emma.Hewitt@yopmail.com,Emma.Hewitt@gmail.com,worker
212,Shauna,Liva,Shauna.Liva@yopmail.com,Shauna.Liva@gmail.com,firefighter
213,Georgetta,Thunell,Georgetta.Thunell@yopmail.com,Georgetta.Thunell@gmail.com,worker
214,Lanna,Dermott,Lanna.Dermott@yopmail.com,Lanna.Dermott@gmail.com,worker
215,Rivalee,Abernon,Rivalee.Abernon@yopmail.com,Rivalee.Abernon@gmail.com,police officer
216,Donetta,Rossner,Donetta.Rossner@yopmail.com,Donetta.Rossner@gmail.com,firefighter
217,Lauryn,Alejoa,Lauryn.Alejoa@yopmail.com,Lauryn.Alejoa@gmail.com,firefighter
218,Raquela,Prouty,Raquela.Prouty@yopmail.com,Raquela.Prouty@gmail.com,doctor
219,Wynne,Bronk,Wynne.Bronk@yopmail.com,Wynne.Bronk@gmail.com,police officer
220,Shell,Wyn,Shell.Wyn@yopmail.com,Shell.Wyn@gmail.com,worker
221,Merry,Anyah,Merry.Anyah@yopmail.com,Merry.Anyah@gmail.com,firefighter
222,Almeta,Barbey,Almeta.Barbey@yopmail.com,Almeta.Barbey@gmail.com,worker
223,Dari,Wadell,Dari.Wadell@yopmail.com,Dari.Wadell@gmail.com,police officer
224,Delilah,Swigart,Delilah.Swigart@yopmail.com,Delilah.Swigart@gmail.com,doctor
225,Courtnay,Plato,Courtnay.Plato@yopmail.com,Courtnay.Plato@gmail.com,firefighter
226,Desirae,Wenda,Desirae.Wenda@yopmail.com,Desirae.Wenda@gmail.com,doctor
227,Elfreda,Rona,Elfreda.Rona@yopmail.com,Elfreda.Rona@gmail.com,worker
228,Veda,Constancy,Veda.Constancy@yopmail.com,Veda.Constancy@gmail.com,developer
229,Alyda,Lalitta,Alyda.Lalitta@yopmail.com,Alyda.Lalitta@gmail.com,police officer
230,Madelle,Linskey,Madelle.Linskey@yopmail.com,Madelle.Linskey@gmail.com,firefighter
231,Gloria,Libna,Gloria.Libna@yopmail.com,Gloria.Libna@gmail.com,developer
232,Amelia,Kenney,Amelia.Kenney@yopmail.com,Amelia.Kenney@gmail.com,firefighter
233,Kirstin,Gwenore,Kirstin.Gwenore@yopmail.com,Kirstin.Gwenore@gmail.com,police officer
234,Cyb,Gillan,Cyb.Gillan@yopmail.com,Cyb.Gillan@gmail.com,developer
235,Giustina,Dermott,Giustina.Dermott@yopmail.com,Giustina.Dermott@gmail.com,firefighter
236,Joleen,Jammal,Joleen.Jammal@yopmail.com,Joleen.Jammal@gmail.com,police officer
237,Kirstin,Faso,Kirstin.Faso@yopmail.com,Kirstin.Faso@gmail.com,worker
238,Jere,Colleen,Jere.Colleen@yopmail.com,Jere.Colleen@gmail.com,doctor
239,Lexine,Stephie,Lexine.Stephie@yopmail.com,Lexine.Stephie@gmail.com,developer
240,Hyacinthe,Iaverne,Hyacinthe.Iaverne@yopmail.com,Hyacinthe.Iaverne@gmail.com,developer
241,Marguerite,Mitzi,Marguerite.Mitzi@yopmail.com,Marguerite.Mitzi@gmail.com,doctor
242,Jerry,Brady,Jerry.Brady@yopmail.com,Jerry.Brady@gmail.com,worker
243,Alejandra,Zamora,Alejandra.Zamora@yopmail.com,Alejandra.Zamora@gmail.com,doctor
244,Margette,Rese,Margette.Rese@yopmail.com,Margette.Rese@gmail.com,police officer
245,Charissa,Oster,Charissa.Oster@yopmail.com,Charissa.Oster@gmail.com,police officer
246,Harmonia,Standing,Harmonia.Standing@yopmail.com,Harmonia.Standing@gmail.com,worker
247,Alexine,Eliathas,Alexine.Eliathas@yopmail.com,Alexine.Eliathas@gmail.com,worker
248,Marleah,Cordi,Marleah.Cordi@yopmail.com,Marleah.Cordi@gmail.com,worker
249,Phylis,Ammann,Phylis.Ammann@yopmail.com,Phylis.Ammann@gmail.com,worker
250,Barbi,Voletta,Barbi.Voletta@yopmail.com,Barbi.Voletta@gmail.com,doctor
251,Orsola,Terencio,Orsola.Terencio@yopmail.com,Orsola.Terencio@gmail.com,firefighter
252,Belinda,Lytton,Belinda.Lytton@yopmail.com,Belinda.Lytton@gmail.com,worker
253,Lanna,Fax,Lanna.Fax@yopmail.com,Lanna.Fax@gmail.com,developer
254,Daune,Suk,Daune.Suk@yopmail.com,Daune.Suk@gmail.com,police officer
255,Lonnie,Kenney,Lonnie.Kenney@yopmail.com,Lonnie.Kenney@gmail.com,firefighter
256,Jeanna,Greenwald,Jeanna.Greenwald@yopmail.com,Jeanna.Greenwald@gmail.com,worker
257,Leanna,Vary,Leanna.Vary@yopmail.com,Leanna.Vary@gmail.com,worker
258,Cindelyn,Arley,Cindelyn.Arley@yopmail.com,Cindelyn.Arley@gmail.com,doctor
259,Aurelie,Buttaro,Aurelie.Buttaro@yopmail.com,Aurelie.Buttaro@gmail.com,doctor
260,Karena,Kimmie,Karena.Kimmie@yopmail.com,Karena.Kimmie@gmail.com,firefighter
261,Genovera,Yorick,Genovera.Yorick@yopmail.com,Genovera.Yorick@gmail.com,worker
262,Camile,Bronk,Camile.Bronk@yopmail.com,Camile.Bronk@gmail.com,worker
263,Averyl,Heisel,Averyl.Heisel@yopmail.com,Averyl.Heisel@gmail.com,firefighter
264,Pamella,Imelida,Pamella.Imelida@yopmail.com,Pamella.Imelida@gmail.com,doctor
265,Lilith,Yoko,Lilith.Yoko@yopmail.com,Lilith.Yoko@gmail.com,firefighter
266,Melisent,Kunin,Melisent.Kunin@yopmail.com,Melisent.Kunin@gmail.com,worker
267,Dorene,Martsen,Dorene.Martsen@yopmail.com,Dorene.Martsen@gmail.com,firefighter
268,Molli,Cloris,Molli.Cloris@yopmail.com,Molli.Cloris@gmail.com,police officer
269,Tracey,Tatianas,Tracey.Tatianas@yopmail.com,Tracey.Tatianas@gmail.com,developer
270,Grier,Kenwood,Grier.Kenwood@yopmail.com,Grier.Kenwood@gmail.com,doctor
271,Charmaine,Corabella,Charmaine.Corabella@yopmail.com,Charmaine.Corabella@gmail.com,firefighter
272,Lyssa,Chabot,Lyssa.Chabot@yopmail.com,Lyssa.Chabot@gmail.com,police officer
273,Pollyanna,Margarete,Pollyanna.Margarete@yopmail.com,Pollyanna.Margarete@gmail.com,worker
274,Nonnah,Rooney,Nonnah.Rooney@yopmail.com,Nonnah.Rooney@gmail.com,firefighter
275,Steffane,Christine,Steffane.Christine@yopmail.com,Steffane.Christine@gmail.com,firefighter
276,Aili,Taima,Aili.Taima@yopmail.com,Aili.Taima@gmail.com,firefighter
277,Hyacinthe,Pandolfi,Hyacinthe.Pandolfi@yopmail.com,Hyacinthe.Pandolfi@gmail.com,doctor
278,Helsa,Peti,Helsa.Peti@yopmail.com,Helsa.Peti@gmail.com,firefighter
279,Livvyy,Fink,Livvyy.Fink@yopmail.com,Livvyy.Fink@gmail.com,developer
280,Georgina,Koehler,Georgina.Koehler@yopmail.com,Georgina.Koehler@gmail.com,firefighter
281,Jackie,Malanie,Jackie.Malanie@yopmail.com,Jackie.Malanie@gmail.com,firefighter
282,Lorne,Nelsen,Lorne.Nelsen@yopmail.com,Lorne.Nelsen@gmail.com,doctor
283,Pollyanna,Caitlin,Pollyanna.Caitlin@yopmail.com,Pollyanna.Caitlin@gmail.com,police officer
284,Frieda,Flita,Frieda.Flita@yopmail.com,Frieda.Flita@gmail.com,worker
285,Rhea,Carleen,Rhea.Carleen@yopmail.com,Rhea.Carleen@gmail.com,developer
286,Vevay,Kunin,Vevay.Kunin@yopmail.com,Vevay.Kunin@gmail.com,police officer
287,Regina,Gale,Regina.Gale@yopmail.com,Regina.Gale@gmail.com,developer
288,Liana,Stacy,Liana.Stacy@yopmail.com,Liana.Stacy@gmail.com,doctor
289,Jemie,Raychel,Jemie.Raychel@yopmail.com,Jemie.Raychel@gmail.com,police officer
290,Corly,Tengdin,Corly.Tengdin@yopmail.com,Corly.Tengdin@gmail.com,developer
291,Hayley,Fiester,Hayley.Fiester@yopmail.com,Hayley.Fiester@gmail.com,doctor
292,Halette,Mitzi,Halette.Mitzi@yopmail.com,Halette.Mitzi@gmail.com,doctor
293,Mady,Tybald,Mady.Tybald@yopmail.com,Mady.Tybald@gmail.com,firefighter
294,Gretal,Screens,Gretal.Screens@yopmail.com,Gretal.Screens@gmail.com,police officer
295,Giustina,Johanna,Giustina.Johanna@yopmail.com,Giustina.Johanna@gmail.com,firefighter
296,Elena,Weaks,Elena.Weaks@yopmail.com,Elena.Weaks@gmail.com,police officer
297,Anestassia,Greenwald,Anestassia.Greenwald@yopmail.com,Anestassia.Greenwald@gmail.com,police officer
298,Karlee,McNully,Karlee.McNully@yopmail.com,Karlee.McNully@gmail.com,police officer
299,Vonny,Travax,Vonny.Travax@yopmail.com,Vonny.Travax@gmail.com,firefighter
300,Dyann,Mozelle,Dyann.Mozelle@yopmail.com,Dyann.Mozelle@gmail.com,firefighter
301,Arlena,Curren,Arlena.Curren@yopmail.com,Arlena.Curren@gmail.com,police officer
302,Nita,Screens,Nita.Screens@yopmail.com,Nita.Screens@gmail.com,firefighter
303,Adore,Ramona,Adore.Ramona@yopmail.com,Adore.Ramona@gmail.com,developer
304,Lesly,Lynn,Lesly.Lynn@yopmail.com,Lesly.Lynn@gmail.com,firefighter
305,Tera,Waldron,Tera.Waldron@yopmail.com,Tera.Waldron@gmail.com,doctor
306,Cam,Blisse,Cam.Blisse@yopmail.com,Cam.Blisse@gmail.com,doctor
307,Helsa,Sprage,Helsa.Sprage@yopmail.com,Helsa.Sprage@gmail.com,worker
308,Anica,Cath,Anica.Cath@yopmail.com,Anica.Cath@gmail.com,firefighter
309,Lorenza,Raul,Lorenza.Raul@yopmail.com,Lorenza.Raul@gmail.com,firefighter
310,Mady,Obed,Mady.Obed@yopmail.com,Mady.Obed@gmail.com,worker
311,Arlina,Heisel,Arlina.Heisel@yopmail.com,Arlina.Heisel@gmail.com,doctor
312,Hallie,Sothena,Hallie.Sothena@yopmail.com,Hallie.Sothena@gmail.com,developer
313,Veda,Shama,Veda.Shama@yopmail.com,Veda.Shama@gmail.com,firefighter
314,Karlee,Gaynor,Karlee.Gaynor@yopmail.com,Karlee.Gaynor@gmail.com,doctor
315,Marcelline,Holbrook,Marcelline.Holbrook@yopmail.com,Marcelline.Holbrook@gmail.com,worker
316,Peri,Hoenack,Peri.Hoenack@yopmail.com,Peri.Hoenack@gmail.com,worker
317,Rosanne,Aloise,Rosanne.Aloise@yopmail.com,Rosanne.Aloise@gmail.com,police officer
318,Daune,Noelyn,Daune.Noelyn@yopmail.com,Daune.Noelyn@gmail.com,police officer
319,Benita,Rugen,Benita.Rugen@yopmail.com,Benita.Rugen@gmail.com,firefighter
320,Lorenza,Publia,Lorenza.Publia@yopmail.com,Lorenza.Publia@gmail.com,firefighter
321,Reeba,Ajay,Reeba.Ajay@yopmail.com,Reeba.Ajay@gmail.com,firefighter
322,Hope,Mata,Hope.Mata@yopmail.com,Hope.Mata@gmail.com,worker
323,Marline,Gusella,Marline.Gusella@yopmail.com,Marline.Gusella@gmail.com,doctor
324,Kial,Schlosser,Kial.Schlosser@yopmail.com,Kial.Schlosser@gmail.com,firefighter
325,Tori,Federica,Tori.Federica@yopmail.com,Tori.Federica@gmail.com,firefighter
326,Lanna,Bennie,Lanna.Bennie@yopmail.com,Lanna.Bennie@gmail.com,developer
327,Linzy,Wenoa,Linzy.Wenoa@yopmail.com,Linzy.Wenoa@gmail.com,doctor
328,Annabela,Suk,Annabela.Suk@yopmail.com,Annabela.Suk@gmail.com,developer
329,Meghann,Anderea,Meghann.Anderea@yopmail.com,Meghann.Anderea@gmail.com,firefighter
330,Grier,Charity,Grier.Charity@yopmail.com,Grier.Charity@gmail.com,worker
331,Desirae,Kussell,Desirae.Kussell@yopmail.com,Desirae.Kussell@gmail.com,firefighter
332,Feliza,Havens,Feliza.Havens@yopmail.com,Feliza.Havens@gmail.com,firefighter
333,Jenilee,Kare,Jenilee.Kare@yopmail.com,Jenilee.Kare@gmail.com,developer
334,Ashlee,Brieta,Ashlee.Brieta@yopmail.com,Ashlee.Brieta@gmail.com,developer
335,Ketti,Cassius,Ketti.Cassius@yopmail.com,Ketti.Cassius@gmail.com,worker
336,Feliza,Grosz,Feliza.Grosz@yopmail.com,Feliza.Grosz@gmail.com,worker
337,Leona,Estella,Leona.Estella@yopmail.com,Leona.Estella@gmail.com,firefighter
338,Lonnie,Narton,Lonnie.Narton@yopmail.com,Lonnie.Narton@gmail.com,doctor
339,Valera,Sundin,Valera.Sundin@yopmail.com,Valera.Sundin@gmail.com,developer
340,Bernardine,Leffen,Bernardine.Leffen@yopmail.com,Bernardine.Leffen@gmail.com,doctor
341,Linet,Firmin,Linet.Firmin@yopmail.com,Linet.Firmin@gmail.com,worker
342,Deirdre,Cressida,Deirdre.Cressida@yopmail.com,Deirdre.Cressida@gmail.com,worker
343,Ezmeralda,Evangelia,Ezmeralda.Evangelia@yopmail.com,Ezmeralda.Evangelia@gmail.com,doctor
344,Damaris,Penelopa,Damaris.Penelopa@yopmail.com,Damaris.Penelopa@gmail.com,worker
345,Kate,Frodi,Kate.Frodi@yopmail.com,Kate.Frodi@gmail.com,doctor
346,Sadie,Arvo,Sadie.Arvo@yopmail.com,Sadie.Arvo@gmail.com,worker
347,Karly,Cynar,Karly.Cynar@yopmail.com,Karly.Cynar@gmail.com,doctor
348,Charmaine,Eachern,Charmaine.Eachern@yopmail.com,Charmaine.Eachern@gmail.com,police officer
349,Amii,Yoko,Amii.Yoko@yopmail.com,Amii.Yoko@gmail.com,police officer
350,Ulrike,Silvan,Ulrike.Silvan@yopmail.com,Ulrike.Silvan@gmail.com,doctor
351,Valli,Seligman,Valli.Seligman@yopmail.com,Valli.Seligman@gmail.com,firefighter
352,Betta,Gahl,Betta.Gahl@yopmail.com,Betta.Gahl@gmail.com,firefighter
353,Fanchon,Adalbert,Fanchon.Adalbert@yopmail.com,Fanchon.Adalbert@gmail.com,police officer
354,Gianina,Stevy,Gianina.Stevy@yopmail.com,Gianina.Stevy@gmail.com,doctor
355,Dorice,Taima,Dorice.Taima@yopmail.com,Dorice.Taima@gmail.com,firefighter
356,Collen,Hedve,Collen.Hedve@yopmail.com,Collen.Hedve@gmail.com,firefighter
357,Adriana,Emerson,Adriana.Emerson@yopmail.com,Adriana.Emerson@gmail.com,police officer
358,Kellen,Sothena,Kellen.Sothena@yopmail.com,Kellen.Sothena@gmail.com,developer
359,Ilse,Masao,Ilse.Masao@yopmail.com,Ilse.Masao@gmail.com,firefighter
360,Mady,Publia,Mady.Publia@yopmail.com,Mady.Publia@gmail.com,firefighter
361,Candy,Rona,Candy.Rona@yopmail.com,Candy.Rona@gmail.com,police officer
362,Gerianna,Stav,Gerianna.Stav@yopmail.com,Gerianna.Stav@gmail.com,police officer
363,Wynne,An,Wynne.An@yopmail.com,Wynne.An@gmail.com,worker
364,Candi,Bohlin,Candi.Bohlin@yopmail.com,Candi.Bohlin@gmail.com,developer
365,Britni,Montgomery,Britni.Montgomery@yopmail.com,Britni.Montgomery@gmail.com,doctor
366,Lesly,Stefa,Lesly.Stefa@yopmail.com,Lesly.Stefa@gmail.com,firefighter
367,Johna,Wilona,Johna.Wilona@yopmail.com,Johna.Wilona@gmail.com,firefighter
368,Ethel,Noam,Ethel.Noam@yopmail.com,Ethel.Noam@gmail.com,worker
369,Henriette,Screens,Henriette.Screens@yopmail.com,Henriette.Screens@gmail.com,developer
370,Carlie,Annabella,Carlie.Annabella@yopmail.com,Carlie.Annabella@gmail.com,worker
371,Helsa,Franza,Helsa.Franza@yopmail.com,Helsa.Franza@gmail.com,worker
372,Belva,Douglass,Belva.Douglass@yopmail.com,Belva.Douglass@gmail.com,worker
373,Doro,Koehler,Doro.Koehler@yopmail.com,Doro.Koehler@gmail.com,worker
374,Paola,Keelia,Paola.Keelia@yopmail.com,Paola.Keelia@gmail.com,worker
375,Rayna,Rhu,Rayna.Rhu@yopmail.com,Rayna.Rhu@gmail.com,developer
376,Ida,Shirberg,Ida.Shirberg@yopmail.com,Ida.Shirberg@gmail.com,developer
377,Vinita,Eugenia,Vinita.Eugenia@yopmail.com,Vinita.Eugenia@gmail.com,doctor
378,Viki,Jary,Viki.Jary@yopmail.com,Viki.Jary@gmail.com,developer
379,Adriana,Pettiford,Adriana.Pettiford@yopmail.com,Adriana.Pettiford@gmail.com,police officer
380,Chandra,Schlosser,Chandra.Schlosser@yopmail.com,Chandra.Schlosser@gmail.com,firefighter
381,Elvira,Old,Elvira.Old@yopmail.com,Elvira.Old@gmail.com,doctor
382,Diena,Buffum,Diena.Buffum@yopmail.com,Diena.Buffum@gmail.com,police officer
383,Ursulina,Brodench,Ursulina.Brodench@yopmail.com,Ursulina.Brodench@gmail.com,firefighter
384,Katharina,Allina,Katharina.Allina@yopmail.com,Katharina.Allina@gmail.com,developer
385,Karena,Nore,Karena.Nore@yopmail.com,Karena.Nore@gmail.com,doctor
386,Cam,Ilka,Cam.Ilka@yopmail.com,Cam.Ilka@gmail.com,police officer
387,Georgetta,Syd,Georgetta.Syd@yopmail.com,Georgetta.Syd@gmail.com,worker
388,Siana,Moseley,Siana.Moseley@yopmail.com,Siana.Moseley@gmail.com,developer
389,Darlleen,Cleo,Darlleen.Cleo@yopmail.com,Darlleen.Cleo@gmail.com,worker
390,Laure,Clara,Laure.Clara@yopmail.com,Laure.Clara@gmail.com,firefighter
391,Alleen,Dominy,Alleen.Dominy@yopmail.com,Alleen.Dominy@gmail.com,firefighter
392,Sharlene,Hedve,Sharlene.Hedve@yopmail.com,Sharlene.Hedve@gmail.com,firefighter
393,Halette,Earlie,Halette.Earlie@yopmail.com,Halette.Earlie@gmail.com,worker
394,Renie,Sikorski,Renie.Sikorski@yopmail.com,Renie.Sikorski@gmail.com,developer
395,Lindie,Urias,Lindie.Urias@yopmail.com,Lindie.Urias@gmail.com,firefighter
396,Nannie,Olin,Nannie.Olin@yopmail.com,Nannie.Olin@gmail.com,doctor
397,Amara,Harned,Amara.Harned@yopmail.com,Amara.Harned@gmail.com,worker
398,Ira,Lewes,Ira.Lewes@yopmail.com,Ira.Lewes@gmail.com,doctor
399,Hayley,McNully,Hayley.McNully@yopmail.com,Hayley.McNully@gmail.com,developer
400,Dulce,Palocz,Dulce.Palocz@yopmail.com,Dulce.Palocz@gmail.com,worker
401,Gusty,Amasa,Gusty.Amasa@yopmail.com,Gusty.Amasa@gmail.com,worker
402,Mildrid,Bevin,Mildrid.Bevin@yopmail.com,Mildrid.Bevin@gmail.com,doctor
403,Lucy,Alarise,Lucy.Alarise@yopmail.com,Lucy.Alarise@gmail.com,developer
404,Ileana,Daegal,Ileana.Daegal@yopmail.com,Ileana.Daegal@gmail.com,doctor
405,Marjie,Drisko,Marjie.Drisko@yopmail.com,Marjie.Drisko@gmail.com,developer
406,Rivalee,Stav,Rivalee.Stav@yopmail.com,Rivalee.Stav@gmail.com,worker
407,Adele,Kare,Adele.Kare@yopmail.com,Adele.Kare@gmail.com,firefighter
408,Tonia,Secrest,Tonia.Secrest@yopmail.com,Tonia.Secrest@gmail.com,doctor
409,Millie,Ulphia,Millie.Ulphia@yopmail.com,Millie.Ulphia@gmail.com,worker
410,Sadie,Clie,Sadie.Clie@yopmail.com,Sadie.Clie@gmail.com,police officer
411,Florie,Lumbard,Florie.Lumbard@yopmail.com,Florie.Lumbard@gmail.com,worker
412,Shauna,Hessler,Shauna.Hessler@yopmail.com,Shauna.Hessler@gmail.com,police officer
413,Karlee,Wandie,Karlee.Wandie@yopmail.com,Karlee.Wandie@gmail.com,police officer
414,Roberta,Dahlia,Roberta.Dahlia@yopmail.com,Roberta.Dahlia@gmail.com,police officer
415,Nickie,Roscoe,Nickie.Roscoe@yopmail.com,Nickie.Roscoe@gmail.com,worker
416,Monika,Nance,Monika.Nance@yopmail.com,Monika.Nance@gmail.com,firefighter
417,Cathyleen,Eben,Cathyleen.Eben@yopmail.com,Cathyleen.Eben@gmail.com,worker
418,Nikki,Grimbly,Nikki.Grimbly@yopmail.com,Nikki.Grimbly@gmail.com,developer
419,Rosanne,Marsden,Rosanne.Marsden@yopmail.com,Rosanne.Marsden@gmail.com,worker
420,Melodie,Maples,Melodie.Maples@yopmail.com,Melodie.Maples@gmail.com,doctor
421,Candy,Noelyn,Candy.Noelyn@yopmail.com,Candy.Noelyn@gmail.com,developer
422,Kary,Granoff,Kary.Granoff@yopmail.com,Kary.Granoff@gmail.com,worker
423,Paola,Colp,Paola.Colp@yopmail.com,Paola.Colp@gmail.com,worker
424,Amalie,Pascia,Amalie.Pascia@yopmail.com,Amalie.Pascia@gmail.com,police officer
425,Rosene,Wallis,Rosene.Wallis@yopmail.com,Rosene.Wallis@gmail.com,doctor
426,Katuscha,Lattie,Katuscha.Lattie@yopmail.com,Katuscha.Lattie@gmail.com,worker
427,Katuscha,Lumbard,Katuscha.Lumbard@yopmail.com,Katuscha.Lumbard@gmail.com,police officer
428,Bee,Charmine,Bee.Charmine@yopmail.com,Bee.Charmine@gmail.com,worker
429,Rosabelle,Carleen,Rosabelle.Carleen@yopmail.com,Rosabelle.Carleen@gmail.com,firefighter
430,Marcy,Hourigan,Marcy.Hourigan@yopmail.com,Marcy.Hourigan@gmail.com,worker
431,Yvonne,McCutcheon,Yvonne.McCutcheon@yopmail.com,Yvonne.McCutcheon@gmail.com,police officer
432,Jobi,Lea,Jobi.Lea@yopmail.com,Jobi.Lea@gmail.com,worker
433,Shaine,Naashom,Shaine.Naashom@yopmail.com,Shaine.Naashom@gmail.com,firefighter
434,Janey,Valerio,Janey.Valerio@yopmail.com,Janey.Valerio@gmail.com,police officer
435,Goldie,Tillford,Goldie.Tillford@yopmail.com,Goldie.Tillford@gmail.com,firefighter
436,Libbie,Corabella,Libbie.Corabella@yopmail.com,Libbie.Corabella@gmail.com,police officer
437,Gisela,Bearnard,Gisela.Bearnard@yopmail.com,Gisela.Bearnard@gmail.com,police officer
438,Malina,Charity,Malina.Charity@yopmail.com,Malina.Charity@gmail.com,firefighter
439,Pierette,Paine,Pierette.Paine@yopmail.com,Pierette.Paine@gmail.com,developer
440,Imojean,Franza,Imojean.Franza@yopmail.com,Imojean.Franza@gmail.com,developer
441,Aimil,Arley,Aimil.Arley@yopmail.com,Aimil.Arley@gmail.com,worker
442,Clary,Eno,Clary.Eno@yopmail.com,Clary.Eno@gmail.com,developer
443,Celisse,Pascia,Celisse.Pascia@yopmail.com,Celisse.Pascia@gmail.com,doctor
444,Claudina,Deegan,Claudina.Deegan@yopmail.com,Claudina.Deegan@gmail.com,developer
445,Cordi,Auberbach,Cordi.Auberbach@yopmail.com,Cordi.Auberbach@gmail.com,doctor
446,Dorice,Darian,Dorice.Darian@yopmail.com,Dorice.Darian@gmail.com,police officer
447,Elfreda,Neva,Elfreda.Neva@yopmail.com,Elfreda.Neva@gmail.com,doctor
448,Merry,Grobe,Merry.Grobe@yopmail.com,Merry.Grobe@gmail.com,developer
449,Claudina,Orpah,Claudina.Orpah@yopmail.com,Claudina.Orpah@gmail.com,police officer
450,Hannis,Saint,Hannis.Saint@yopmail.com,Hannis.Saint@gmail.com,doctor
451,Yolane,Thomasina,Yolane.Thomasina@yopmail.com,Yolane.Thomasina@gmail.com,police officer
452,Heida,Garrison,Heida.Garrison@yopmail.com,Heida.Garrison@gmail.com,firefighter
453,Nita,Magnolia,Nita.Magnolia@yopmail.com,Nita.Magnolia@gmail.com,police officer
454,Annecorinne,Bury,Annecorinne.Bury@yopmail.com,Annecorinne.Bury@gmail.com,firefighter
455,Margarette,Rozanna,Margarette.Rozanna@yopmail.com,Margarette.Rozanna@gmail.com,developer
456,Edee,Even,Edee.Even@yopmail.com,Edee.Even@gmail.com,police officer
457,Sashenka,Bigner,Sashenka.Bigner@yopmail.com,Sashenka.Bigner@gmail.com,developer
458,Catharine,Standing,Catharine.Standing@yopmail.com,Catharine.Standing@gmail.com,worker
459,Audrie,Morrill,Audrie.Morrill@yopmail.com,Audrie.Morrill@gmail.com,doctor
460,Dorthy,Ortrude,Dorthy.Ortrude@yopmail.com,Dorthy.Ortrude@gmail.com,firefighter
461,Dode,Teryn,Dode.Teryn@yopmail.com,Dode.Teryn@gmail.com,doctor
462,Ariela,Armanda,Ariela.Armanda@yopmail.com,Ariela.Armanda@gmail.com,firefighter
463,Neila,Cassius,Neila.Cassius@yopmail.com,Neila.Cassius@gmail.com,firefighter
464,Teriann,Erb,Teriann.Erb@yopmail.com,Teriann.Erb@gmail.com,police officer
465,Consuela,Goode,Consuela.Goode@yopmail.com,Consuela.Goode@gmail.com,doctor
466,Clementine,Laurianne,Clementine.Laurianne@yopmail.com,Clementine.Laurianne@gmail.com,worker
467,Allis,Ball,Allis.Ball@yopmail.com,Allis.Ball@gmail.com,police officer
468,Catrina,Shaddock,Catrina.Shaddock@yopmail.com,Catrina.Shaddock@gmail.com,doctor
469,Elie,Neils,Elie.Neils@yopmail.com,Elie.Neils@gmail.com,doctor
470,Alexine,Swanhildas,Alexine.Swanhildas@yopmail.com,Alexine.Swanhildas@gmail.com,developer
471,Emma,Haerr,Emma.Haerr@yopmail.com,Emma.Haerr@gmail.com,worker
472,Inga,Eldrid,Inga.Eldrid@yopmail.com,Inga.Eldrid@gmail.com,police officer
473,Jasmina,Han,Jasmina.Han@yopmail.com,Jasmina.Han@gmail.com,worker
474,Claudina,Toni,Claudina.Toni@yopmail.com,Claudina.Toni@gmail.com,police officer
475,Kelly,Johanna,Kelly.Johanna@yopmail.com,Kelly.Johanna@gmail.com,firefighter
476,Cassondra,Billye,Cassondra.Billye@yopmail.com,Cassondra.Billye@gmail.com,worker
477,Kara-Lynn,Georgy,Kara-Lynn.Georgy@yopmail.com,Kara-Lynn.Georgy@gmail.com,developer
478,Elmira,Caitlin,Elmira.Caitlin@yopmail.com,Elmira.Caitlin@gmail.com,police officer
479,Elvira,Thornburg,Elvira.Thornburg@yopmail.com,Elvira.Thornburg@gmail.com,developer
480,Dale,Germann,Dale.Germann@yopmail.com,Dale.Germann@gmail.com,developer
481,Nita,Alice,Nita.Alice@yopmail.com,Nita.Alice@gmail.com,developer
482,Hallie,Telfer,Hallie.Telfer@yopmail.com,Hallie.Telfer@gmail.com,police officer
483,Christal,Hamil,Christal.Hamil@yopmail.com,Christal.Hamil@gmail.com,developer
484,Leontine,Anastatius,Leontine.Anastatius@yopmail.com,Leontine.Anastatius@gmail.com,developer
485,Cam,Wittie,Cam.Wittie@yopmail.com,Cam.Wittie@gmail.com,developer
486,Amara,Avi,Amara.Avi@yopmail.com,Amara.Avi@gmail.com,firefighter
487,Joleen,Therine,Joleen.Therine@yopmail.com,Joleen.Therine@gmail.com,doctor
488,Orelia,Wandie,Orelia.Wandie@yopmail.com,Orelia.Wandie@gmail.com,doctor
489,Bertine,Dosia,Bertine.Dosia@yopmail.com,Bertine.Dosia@gmail.com,doctor
490,Stevana,Kirbee,Stevana.Kirbee@yopmail.com,Stevana.Kirbee@gmail.com,doctor
491,Ursulina,Borrell,Ursulina.Borrell@yopmail.com,Ursulina.Borrell@gmail.com,doctor
492,Sabina,Kevon,Sabina.Kevon@yopmail.com,Sabina.Kevon@gmail.com,police officer
493,Lila,Podvin,Lila.Podvin@yopmail.com,Lila.Podvin@gmail.com,firefighter
494,Priscilla,Helve,Priscilla.Helve@yopmail.com,Priscilla.Helve@gmail.com,police officer
495,Moyna,Rosemary,Moyna.Rosemary@yopmail.com,Moyna.Rosemary@gmail.com,doctor
496,Philis,Bohlin,Philis.Bohlin@yopmail.com,Philis.Bohlin@gmail.com,worker
497,Brianna,Marisa,Brianna.Marisa@yopmail.com,Brianna.Marisa@gmail.com,developer
498,Corry,Quinn,Corry.Quinn@yopmail.com,Corry.Quinn@gmail.com,police officer
499,Pierette,Ogren,Pierette.Ogren@yopmail.com,Pierette.Ogren@gmail.com,firefighter
500,Correy,Suk,Correy.Suk@yopmail.com,Correy.Suk@gmail.com,developer
501,Tilly,Hillel,Tilly.Hillel@yopmail.com,Tilly.Hillel@gmail.com,police officer
502,Farrah,Danby,Farrah.Danby@yopmail.com,Farrah.Danby@gmail.com,doctor
503,Heddie,Ciapas,Heddie.Ciapas@yopmail.com,Heddie.Ciapas@gmail.com,doctor
504,Verla,Cherianne,Verla.Cherianne@yopmail.com,Verla.Cherianne@gmail.com,worker
505,Chastity,Anestassia,Chastity.Anestassia@yopmail.com,Chastity.Anestassia@gmail.com,developer
506,Clementine,Briney,Clementine.Briney@yopmail.com,Clementine.Briney@gmail.com,doctor
507,Zia,Garrison,Zia.Garrison@yopmail.com,Zia.Garrison@gmail.com,firefighter
508,Marjie,Raimondo,Marjie.Raimondo@yopmail.com,Marjie.Raimondo@gmail.com,developer
509,Jean,Giff,Jean.Giff@yopmail.com,Jean.Giff@gmail.com,developer
510,Belva,Shaddock,Belva.Shaddock@yopmail.com,Belva.Shaddock@gmail.com,firefighter
511,Olivette,Rhu,Olivette.Rhu@yopmail.com,Olivette.Rhu@gmail.com,developer
512,Collen,Melleta,Collen.Melleta@yopmail.com,Collen.Melleta@gmail.com,doctor
513,Ira,Erskine,Ira.Erskine@yopmail.com,Ira.Erskine@gmail.com,doctor
514,Kimberley,Kirstin,Kimberley.Kirstin@yopmail.com,Kimberley.Kirstin@gmail.com,worker
515,Desirae,Miru,Desirae.Miru@yopmail.com,Desirae.Miru@gmail.com,police officer
516,Dale,Vale,Dale.Vale@yopmail.com,Dale.Vale@gmail.com,developer
517,Basia,Mata,Basia.Mata@yopmail.com,Basia.Mata@gmail.com,developer
518,Rori,Yam,Rori.Yam@yopmail.com,Rori.Yam@gmail.com,doctor
519,Sabina,Marlie,Sabina.Marlie@yopmail.com,Sabina.Marlie@gmail.com,developer
520,Lucy,Sallyann,Lucy.Sallyann@yopmail.com,Lucy.Sallyann@gmail.com,doctor
521,Feliza,Justinn,Feliza.Justinn@yopmail.com,Feliza.Justinn@gmail.com,developer
522,Latisha,Stuart,Latisha.Stuart@yopmail.com,Latisha.Stuart@gmail.com,developer
523,Ermengarde,Matthew,Ermengarde.Matthew@yopmail.com,Ermengarde.Matthew@gmail.com,police officer
524,Ana,Noelyn,Ana.Noelyn@yopmail.com,Ana.Noelyn@gmail.com,firefighter
525,Aurore,Si,Aurore.Si@yopmail.com,Aurore.Si@gmail.com,developer
526,Cherilyn,Edmund,Cherilyn.Edmund@yopmail.com,Cherilyn.Edmund@gmail.com,firefighter
527,Zondra,Kosey,Zondra.Kosey@yopmail.com,Zondra.Kosey@gmail.com,developer
528,Nikki,Sancho,Nikki.Sancho@yopmail.com,Nikki.Sancho@gmail.com,firefighter
529,Jenilee,Kannry,Jenilee.Kannry@yopmail.com,Jenilee.Kannry@gmail.com,worker
530,Wendi,Alice,Wendi.Alice@yopmail.com,Wendi.Alice@gmail.com,doctor
531,Eve,Kazimir,Eve.Kazimir@yopmail.com,Eve.Kazimir@gmail.com,firefighter
532,Ginnie,Chobot,Ginnie.Chobot@yopmail.com,Ginnie.Chobot@gmail.com,police officer
533,Dorice,Lasley,Dorice.Lasley@yopmail.com,Dorice.Lasley@gmail.com,police officer
534,Dari,Capello,Dari.Capello@yopmail.com,Dari.Capello@gmail.com,doctor
535,Babita,Silvan,Babita.Silvan@yopmail.com,Babita.Silvan@gmail.com,worker
536,Carlie,Couture,Carlie.Couture@yopmail.com,Carlie.Couture@gmail.com,developer
537,Oona,Wallis,Oona.Wallis@yopmail.com,Oona.Wallis@gmail.com,doctor
538,Audrie,Winnick,Audrie.Winnick@yopmail.com,Audrie.Winnick@gmail.com,developer
539,Kaja,Joeann,Kaja.Joeann@yopmail.com,Kaja.Joeann@gmail.com,police officer
540,Tressa,Sinegold,Tressa.Sinegold@yopmail.com,Tressa.Sinegold@gmail.com,firefighter
541,Cherrita,Blase,Cherrita.Blase@yopmail.com,Cherrita.Blase@gmail.com,worker
542,Jean,Danby,Jean.Danby@yopmail.com,Jean.Danby@gmail.com,worker
543,Britni,Stacy,Britni.Stacy@yopmail.com,Britni.Stacy@gmail.com,police officer
544,Louella,Taima,Louella.Taima@yopmail.com,Louella.Taima@gmail.com,doctor
545,Tarra,Anton,Tarra.Anton@yopmail.com,Tarra.Anton@gmail.com,developer
546,Sherrie,Noam,Sherrie.Noam@yopmail.com,Sherrie.Noam@gmail.com,developer
547,Bee,Socha,Bee.Socha@yopmail.com,Bee.Socha@gmail.com,worker
548,Deane,Dorcy,Deane.Dorcy@yopmail.com,Deane.Dorcy@gmail.com,firefighter
549,Dode,Darbie,Dode.Darbie@yopmail.com,Dode.Darbie@gmail.com,firefighter
550,Margarette,Alejoa,Margarette.Alejoa@yopmail.com,Margarette.Alejoa@gmail.com,developer
551,Daphne,Yate,Daphne.Yate@yopmail.com,Daphne.Yate@gmail.com,developer
552,Katleen,Si,Katleen.Si@yopmail.com,Katleen.Si@gmail.com,worker
553,Veda,My,Veda.My@yopmail.com,Veda.My@gmail.com,firefighter
554,Theodora,Barney,Theodora.Barney@yopmail.com,Theodora.Barney@gmail.com,doctor
555,Robinia,Rubie,Robinia.Rubie@yopmail.com,Robinia.Rubie@gmail.com,doctor
556,Chloris,Randene,Chloris.Randene@yopmail.com,Chloris.Randene@gmail.com,police officer
557,Correy,Elvyn,Correy.Elvyn@yopmail.com,Correy.Elvyn@gmail.com,police officer
558,Annora,Elisha,Annora.Elisha@yopmail.com,Annora.Elisha@gmail.com,firefighter
559,Tani,Jerold,Tani.Jerold@yopmail.com,Tani.Jerold@gmail.com,worker
560,Evaleen,Dowski,Evaleen.Dowski@yopmail.com,Evaleen.Dowski@gmail.com,police officer
561,Kimmy,Dituri,Kimmy.Dituri@yopmail.com,Kimmy.Dituri@gmail.com,worker
562,Katuscha,Chem,Katuscha.Chem@yopmail.com,Katuscha.Chem@gmail.com,developer
563,Ira,Sigfrid,Ira.Sigfrid@yopmail.com,Ira.Sigfrid@gmail.com,doctor
564,Feliza,Dielu,Feliza.Dielu@yopmail.com,Feliza.Dielu@gmail.com,doctor
565,Jsandye,Kauppi,Jsandye.Kauppi@yopmail.com,Jsandye.Kauppi@gmail.com,worker
566,Madelle,Huggins,Madelle.Huggins@yopmail.com,Madelle.Huggins@gmail.com,police officer
567,Fernande,Therine,Fernande.Therine@yopmail.com,Fernande.Therine@gmail.com,worker
568,Ann-Marie,Lea,Ann-Marie.Lea@yopmail.com,Ann-Marie.Lea@gmail.com,doctor
569,Jeanna,Sancho,Jeanna.Sancho@yopmail.com,Jeanna.Sancho@gmail.com,developer
570,Ericka,Etom,Ericka.Etom@yopmail.com,Ericka.Etom@gmail.com,worker
571,Carmela,Gaal,Carmela.Gaal@yopmail.com,Carmela.Gaal@gmail.com,police officer
572,Dennie,Adlare,Dennie.Adlare@yopmail.com,Dennie.Adlare@gmail.com,developer
573,Katleen,Wilona,Katleen.Wilona@yopmail.com,Katleen.Wilona@gmail.com,firefighter
574,Katuscha,Bonilla,Katuscha.Bonilla@yopmail.com,Katuscha.Bonilla@gmail.com,worker
575,Emma,Hazlett,Emma.Hazlett@yopmail.com,Emma.Hazlett@gmail.com,worker
576,Sue,McGrody,Sue.McGrody@yopmail.com,Sue.McGrody@gmail.com,firefighter
577,Dagmar,Orelee,Dagmar.Orelee@yopmail.com,Dagmar.Orelee@gmail.com,doctor
578,Regina,Even,Regina.Even@yopmail.com,Regina.Even@gmail.com,developer
579,Meghann,Rolf,Meghann.Rolf@yopmail.com,Meghann.Rolf@gmail.com,developer
580,Ada,Kosey,Ada.Kosey@yopmail.com,Ada.Kosey@gmail.com,police officer
581,Jaime,Sacken,Jaime.Sacken@yopmail.com,Jaime.Sacken@gmail.com,doctor
582,Gusella,Anderea,Gusella.Anderea@yopmail.com,Gusella.Anderea@gmail.com,firefighter
583,Aaren,Odysseus,Aaren.Odysseus@yopmail.com,Aaren.Odysseus@gmail.com,police officer
584,Annabela,Forrer,Annabela.Forrer@yopmail.com,Annabela.Forrer@gmail.com,police officer
585,Tina,Tayib,Tina.Tayib@yopmail.com,Tina.Tayib@gmail.com,firefighter
586,Joceline,Firmin,Joceline.Firmin@yopmail.com,Joceline.Firmin@gmail.com,worker
587,Darlleen,Prober,Darlleen.Prober@yopmail.com,Darlleen.Prober@gmail.com,doctor
588,Bobbi,Fancie,Bobbi.Fancie@yopmail.com,Bobbi.Fancie@gmail.com,firefighter
589,Tybie,Dudley,Tybie.Dudley@yopmail.com,Tybie.Dudley@gmail.com,doctor
590,Kayla,MacIntosh,Kayla.MacIntosh@yopmail.com,Kayla.MacIntosh@gmail.com,developer
591,Helena,Callista,Helena.Callista@yopmail.com,Helena.Callista@gmail.com,firefighter
592,Ilse,Keily,Ilse.Keily@yopmail.com,Ilse.Keily@gmail.com,doctor
593,Kimberley,Norvol,Kimberley.Norvol@yopmail.com,Kimberley.Norvol@gmail.com,doctor
594,Dale,Lilas,Dale.Lilas@yopmail.com,Dale.Lilas@gmail.com,doctor
595,Shaylyn,Geffner,Shaylyn.Geffner@yopmail.com,Shaylyn.Geffner@gmail.com,worker
596,Cathie,Alisia,Cathie.Alisia@yopmail.com,Cathie.Alisia@gmail.com,worker
597,Kara-Lynn,Elisha,Kara-Lynn.Elisha@yopmail.com,Kara-Lynn.Elisha@gmail.com,firefighter
598,Nananne,McCutcheon,Nananne.McCutcheon@yopmail.com,Nananne.McCutcheon@gmail.com,police officer
599,Anestassia,Frendel,Anestassia.Frendel@yopmail.com,Anestassia.Frendel@gmail.com,worker
600,Bobinette,Suzetta,Bobinette.Suzetta@yopmail.com,Bobinette.Suzetta@gmail.com,firefighter
601,Oralee,Hessler,Oralee.Hessler@yopmail.com,Oralee.Hessler@gmail.com,worker
602,Pierette,Adore,Pierette.Adore@yopmail.com,Pierette.Adore@gmail.com,doctor
603,Nita,Lutero,Nita.Lutero@yopmail.com,Nita.Lutero@gmail.com,developer
604,Leontine,Longfellow,Leontine.Longfellow@yopmail.com,Leontine.Longfellow@gmail.com,firefighter
605,Ketti,Ellord,Ketti.Ellord@yopmail.com,Ketti.Ellord@gmail.com,developer
606,Hannis,Linskey,Hannis.Linskey@yopmail.com,Hannis.Linskey@gmail.com,developer
607,Leontine,Paton,Leontine.Paton@yopmail.com,Leontine.Paton@gmail.com,firefighter
608,Imojean,Lytton,Imojean.Lytton@yopmail.com,Imojean.Lytton@gmail.com,developer
609,Vivia,Israeli,Vivia.Israeli@yopmail.com,Vivia.Israeli@gmail.com,developer
610,Georgetta,Holbrook,Georgetta.Holbrook@yopmail.com,Georgetta.Holbrook@gmail.com,firefighter
611,Susan,Stacy,Susan.Stacy@yopmail.com,Susan.Stacy@gmail.com,police officer
612,Paule,Ramona,Paule.Ramona@yopmail.com,Paule.Ramona@gmail.com,firefighter
613,Eadie,Brenn,Eadie.Brenn@yopmail.com,Eadie.Brenn@gmail.com,developer
614,Georgetta,Roscoe,Georgetta.Roscoe@yopmail.com,Georgetta.Roscoe@gmail.com,firefighter
615,Alia,Tarrant,Alia.Tarrant@yopmail.com,Alia.Tarrant@gmail.com,firefighter
616,Madelle,Gemini,Madelle.Gemini@yopmail.com,Madelle.Gemini@gmail.com,firefighter
617,Jillayne,Percy,Jillayne.Percy@yopmail.com,Jillayne.Percy@gmail.com,developer
618,Ginnie,Socha,Ginnie.Socha@yopmail.com,Ginnie.Socha@gmail.com,firefighter
619,Courtnay,Jaylene,Courtnay.Jaylene@yopmail.com,Courtnay.Jaylene@gmail.com,doctor
620,Myrtice,Vernier,Myrtice.Vernier@yopmail.com,Myrtice.Vernier@gmail.com,doctor
621,Feliza,Slifka,Feliza.Slifka@yopmail.com,Feliza.Slifka@gmail.com,worker
622,Tonia,Waite,Tonia.Waite@yopmail.com,Tonia.Waite@gmail.com,police officer
623,Willetta,Sothena,Willetta.Sothena@yopmail.com,Willetta.Sothena@gmail.com,worker
624,Leanna,Roscoe,Leanna.Roscoe@yopmail.com,Leanna.Roscoe@gmail.com,developer
625,Selma,Roumell,Selma.Roumell@yopmail.com,Selma.Roumell@gmail.com,firefighter
626,Candy,Cordi,Candy.Cordi@yopmail.com,Candy.Cordi@gmail.com,police officer
627,Merry,Judye,Merry.Judye@yopmail.com,Merry.Judye@gmail.com,doctor
628,Loree,Maryanne,Loree.Maryanne@yopmail.com,Loree.Maryanne@gmail.com,developer
629,Millie,Roumell,Millie.Roumell@yopmail.com,Millie.Roumell@gmail.com,firefighter
630,Aryn,Flyn,Aryn.Flyn@yopmail.com,Aryn.Flyn@gmail.com,worker
631,Jean,Bonucci,Jean.Bonucci@yopmail.com,Jean.Bonucci@gmail.com,firefighter
632,Kassey,Dorothy,Kassey.Dorothy@yopmail.com,Kassey.Dorothy@gmail.com,developer
633,Charmaine,Tamsky,Charmaine.Tamsky@yopmail.com,Charmaine.Tamsky@gmail.com,developer
634,Ana,Dawkins,Ana.Dawkins@yopmail.com,Ana.Dawkins@gmail.com,developer
635,Abbie,Aldric,Abbie.Aldric@yopmail.com,Abbie.Aldric@gmail.com,firefighter
636,Tiffie,Jerald,Tiffie.Jerald@yopmail.com,Tiffie.Jerald@gmail.com,firefighter
637,Arlena,Vharat,Arlena.Vharat@yopmail.com,Arlena.Vharat@gmail.com,doctor
638,Ekaterina,Cullin,Ekaterina.Cullin@yopmail.com,Ekaterina.Cullin@gmail.com,police officer
639,Cacilie,Alfons,Cacilie.Alfons@yopmail.com,Cacilie.Alfons@gmail.com,doctor
640,Lila,Munn,Lila.Munn@yopmail.com,Lila.Munn@gmail.com,police officer
641,Ermengarde,Stefa,Ermengarde.Stefa@yopmail.com,Ermengarde.Stefa@gmail.com,developer
642,Roseline,Isidore,Roseline.Isidore@yopmail.com,Roseline.Isidore@gmail.com,worker
643,Oralee,Hessler,Oralee.Hessler@yopmail.com,Oralee.Hessler@gmail.com,developer
644,Cyb,Michella,Cyb.Michella@yopmail.com,Cyb.Michella@gmail.com,developer
645,Sybille,Dichy,Sybille.Dichy@yopmail.com,Sybille.Dichy@gmail.com,doctor
646,Shannah,Plato,Shannah.Plato@yopmail.com,Shannah.Plato@gmail.com,developer
647,Jordan,Francyne,Jordan.Francyne@yopmail.com,Jordan.Francyne@gmail.com,doctor
648,Ruthe,Madaih,Ruthe.Madaih@yopmail.com,Ruthe.Madaih@gmail.com,police officer
649,Dagmar,Brackely,Dagmar.Brackely@yopmail.com,Dagmar.Brackely@gmail.com,worker
650,Vonny,Nadia,Vonny.Nadia@yopmail.com,Vonny.Nadia@gmail.com,developer
651,Magdalena,Barney,Magdalena.Barney@yopmail.com,Magdalena.Barney@gmail.com,worker
652,Dominga,Shuler,Dominga.Shuler@yopmail.com,Dominga.Shuler@gmail.com,police officer
653,Fidelia,Erlandson,Fidelia.Erlandson@yopmail.com,Fidelia.Erlandson@gmail.com,developer
654,Jobi,Vanni,Jobi.Vanni@yopmail.com,Jobi.Vanni@gmail.com,firefighter
655,Nadine,Lunsford,Nadine.Lunsford@yopmail.com,Nadine.Lunsford@gmail.com,doctor
656,Dari,Cherianne,Dari.Cherianne@yopmail.com,Dari.Cherianne@gmail.com,worker
657,Gwenneth,Cavan,Gwenneth.Cavan@yopmail.com,Gwenneth.Cavan@gmail.com,developer
658,Mildrid,Cadmar,Mildrid.Cadmar@yopmail.com,Mildrid.Cadmar@gmail.com,firefighter
659,Cristine,Nicoline,Cristine.Nicoline@yopmail.com,Cristine.Nicoline@gmail.com,doctor
660,Georgetta,Huggins,Georgetta.Huggins@yopmail.com,Georgetta.Huggins@gmail.com,doctor
661,Leia,Aloise,Leia.Aloise@yopmail.com,Leia.Aloise@gmail.com,police officer
662,Tomasina,Naor,Tomasina.Naor@yopmail.com,Tomasina.Naor@gmail.com,police officer
663,Caritta,Halsey,Caritta.Halsey@yopmail.com,Caritta.Halsey@gmail.com,firefighter
664,Helena,Kronfeld,Helena.Kronfeld@yopmail.com,Helena.Kronfeld@gmail.com,firefighter
665,Esmeralda,Astra,Esmeralda.Astra@yopmail.com,Esmeralda.Astra@gmail.com,police officer
666,Jolyn,Edmund,Jolyn.Edmund@yopmail.com,Jolyn.Edmund@gmail.com,firefighter
667,Cherilyn,Carleen,Cherilyn.Carleen@yopmail.com,Cherilyn.Carleen@gmail.com,police officer
668,Eve,Obed,Eve.Obed@yopmail.com,Eve.Obed@gmail.com,police officer
669,Althea,Colbert,Althea.Colbert@yopmail.com,Althea.Colbert@gmail.com,firefighter
670,Annice,Vastah,Annice.Vastah@yopmail.com,Annice.Vastah@gmail.com,firefighter
671,Steffane,Germann,Steffane.Germann@yopmail.com,Steffane.Germann@gmail.com,developer
672,Henriette,Hunfredo,Henriette.Hunfredo@yopmail.com,Henriette.Hunfredo@gmail.com,firefighter
673,Leeanne,Wilona,Leeanne.Wilona@yopmail.com,Leeanne.Wilona@gmail.com,developer
674,Abbie,Wilona,Abbie.Wilona@yopmail.com,Abbie.Wilona@gmail.com,worker
675,Raf,Ball,Raf.Ball@yopmail.com,Raf.Ball@gmail.com,firefighter
676,Madalyn,Alarise,Madalyn.Alarise@yopmail.com,Madalyn.Alarise@gmail.com,doctor
677,Bernardine,Sawtelle,Bernardine.Sawtelle@yopmail.com,Bernardine.Sawtelle@gmail.com,doctor
678,Nelle,Eliathas,Nelle.Eliathas@yopmail.com,Nelle.Eliathas@gmail.com,doctor
679,Luci,Ingra,Luci.Ingra@yopmail.com,Luci.Ingra@gmail.com,firefighter
680,Paulita,Carey,Paulita.Carey@yopmail.com,Paulita.Carey@gmail.com,police officer
681,Selma,Presber,Selma.Presber@yopmail.com,Selma.Presber@gmail.com,developer
682,Mahalia,Raseda,Mahalia.Raseda@yopmail.com,Mahalia.Raseda@gmail.com,police officer
683,Layla,Peg,Layla.Peg@yopmail.com,Layla.Peg@gmail.com,developer
684,Marika,Dom,Marika.Dom@yopmail.com,Marika.Dom@gmail.com,worker
685,Farrah,Vilma,Farrah.Vilma@yopmail.com,Farrah.Vilma@gmail.com,police officer
686,Shel,Hylan,Shel.Hylan@yopmail.com,Shel.Hylan@gmail.com,firefighter
687,Viki,Arvo,Viki.Arvo@yopmail.com,Viki.Arvo@gmail.com,police officer
688,Charissa,Tengdin,Charissa.Tengdin@yopmail.com,Charissa.Tengdin@gmail.com,firefighter
689,Justinn,Berard,Justinn.Berard@yopmail.com,Justinn.Berard@gmail.com,police officer
690,Ingrid,Winthorpe,Ingrid.Winthorpe@yopmail.com,Ingrid.Winthorpe@gmail.com,doctor
691,Cristabel,Bashemeth,Cristabel.Bashemeth@yopmail.com,Cristabel.Bashemeth@gmail.com,doctor
692,Feliza,Bearnard,Feliza.Bearnard@yopmail.com,Feliza.Bearnard@gmail.com,police officer
693,Max,Cath,Max.Cath@yopmail.com,Max.Cath@gmail.com,doctor
694,Nollie,Leary,Nollie.Leary@yopmail.com,Nollie.Leary@gmail.com,firefighter
695,Ilse,Michella,Ilse.Michella@yopmail.com,Ilse.Michella@gmail.com,police officer
696,Keelia,Publia,Keelia.Publia@yopmail.com,Keelia.Publia@gmail.com,firefighter
697,Delilah,Ade,Delilah.Ade@yopmail.com,Delilah.Ade@gmail.com,doctor
698,Arlina,Loring,Arlina.Loring@yopmail.com,Arlina.Loring@gmail.com,doctor
699,Shell,Pauly,Shell.Pauly@yopmail.com,Shell.Pauly@gmail.com,worker
700,Bernie,Luhe,Bernie.Luhe@yopmail.com,Bernie.Luhe@gmail.com,doctor
701,Hildegaard,Gaal,Hildegaard.Gaal@yopmail.com,Hildegaard.Gaal@gmail.com,firefighter
702,Elie,Kare,Elie.Kare@yopmail.com,Elie.Kare@gmail.com,police officer
703,Lily,Wittie,Lily.Wittie@yopmail.com,Lily.Wittie@gmail.com,developer
704,Cherrita,Duwalt,Cherrita.Duwalt@yopmail.com,Cherrita.Duwalt@gmail.com,developer
705,Selma,Bobbee,Selma.Bobbee@yopmail.com,Selma.Bobbee@gmail.com,doctor
706,Vanessa,Garrison,Vanessa.Garrison@yopmail.com,Vanessa.Garrison@gmail.com,developer
707,Rebeca,O'Rourke,Rebeca.O'Rourke@yopmail.com,Rebeca.O'Rourke@gmail.com,doctor
708,Joleen,Kauppi,Joleen.Kauppi@yopmail.com,Joleen.Kauppi@gmail.com,worker
709,Gabriellia,Kazimir,Gabriellia.Kazimir@yopmail.com,Gabriellia.Kazimir@gmail.com,police officer
710,Elmira,Zitvaa,Elmira.Zitvaa@yopmail.com,Elmira.Zitvaa@gmail.com,firefighter
711,Vinita,Tybald,Vinita.Tybald@yopmail.com,Vinita.Tybald@gmail.com,doctor
712,Orsola,Malvino,Orsola.Malvino@yopmail.com,Orsola.Malvino@gmail.com,developer
713,Merry,Markman,Merry.Markman@yopmail.com,Merry.Markman@gmail.com,firefighter
714,Aurore,Joli,Aurore.Joli@yopmail.com,Aurore.Joli@gmail.com,doctor
715,Arlena,Daniele,Arlena.Daniele@yopmail.com,Arlena.Daniele@gmail.com,police officer
716,Elise,Karylin,Elise.Karylin@yopmail.com,Elise.Karylin@gmail.com,doctor
717,Kamilah,Lory,Kamilah.Lory@yopmail.com,Kamilah.Lory@gmail.com,doctor
718,Vere,Olnee,Vere.Olnee@yopmail.com,Vere.Olnee@gmail.com,worker
719,Allyce,Trinetta,Allyce.Trinetta@yopmail.com,Allyce.Trinetta@gmail.com,doctor
720,Rebeca,Ricki,Rebeca.Ricki@yopmail.com,Rebeca.Ricki@gmail.com,worker
721,Lorne,Bow,Lorne.Bow@yopmail.com,Lorne.Bow@gmail.com,police officer
722,Emilia,Atonsah,Emilia.Atonsah@yopmail.com,Emilia.Atonsah@gmail.com,firefighter
723,Mary,Freddi,Mary.Freddi@yopmail.com,Mary.Freddi@gmail.com,developer
724,Elyssa,August,Elyssa.August@yopmail.com,Elyssa.August@gmail.com,doctor
725,Chloris,Donoghue,Chloris.Donoghue@yopmail.com,Chloris.Donoghue@gmail.com,firefighter
726,Corene,Madox,Corene.Madox@yopmail.com,Corene.Madox@gmail.com,police officer
727,Jessamyn,Yoko,Jessamyn.Yoko@yopmail.com,Jessamyn.Yoko@gmail.com,firefighter
728,Alleen,Bevin,Alleen.Bevin@yopmail.com,Alleen.Bevin@gmail.com,worker
729,Cristabel,Goth,Cristabel.Goth@yopmail.com,Cristabel.Goth@gmail.com,developer
730,Max,Nelsen,Max.Nelsen@yopmail.com,Max.Nelsen@gmail.com,doctor
731,Fidelia,Loring,Fidelia.Loring@yopmail.com,Fidelia.Loring@gmail.com,developer
732,Karly,McAdams,Karly.McAdams@yopmail.com,Karly.McAdams@gmail.com,worker
733,Katleen,Urania,Katleen.Urania@yopmail.com,Katleen.Urania@gmail.com,firefighter
734,Augustine,Emmaline,Augustine.Emmaline@yopmail.com,Augustine.Emmaline@gmail.com,worker
735,Tatiania,Zeeba,Tatiania.Zeeba@yopmail.com,Tatiania.Zeeba@gmail.com,developer
736,Sue,Merat,Sue.Merat@yopmail.com,Sue.Merat@gmail.com,developer
737,Binny,Liva,Binny.Liva@yopmail.com,Binny.Liva@gmail.com,doctor
738,Beth,Gert,Beth.Gert@yopmail.com,Beth.Gert@gmail.com,developer
739,Dacia,Zitvaa,Dacia.Zitvaa@yopmail.com,Dacia.Zitvaa@gmail.com,developer
740,Lory,Verger,Lory.Verger@yopmail.com,Lory.Verger@gmail.com,worker
741,Taffy,Kirstin,Taffy.Kirstin@yopmail.com,Taffy.Kirstin@gmail.com,firefighter
742,Roseline,Viddah,Roseline.Viddah@yopmail.com,Roseline.Viddah@gmail.com,developer
743,Elyssa,Azeria,Elyssa.Azeria@yopmail.com,Elyssa.Azeria@gmail.com,doctor
744,Natka,Rosemary,Natka.Rosemary@yopmail.com,Natka.Rosemary@gmail.com,police officer
745,Josephine,Anton,Josephine.Anton@yopmail.com,Josephine.Anton@gmail.com,developer
746,Anica,Claudine,Anica.Claudine@yopmail.com,Anica.Claudine@gmail.com,doctor
747,Talya,Martguerita,Talya.Martguerita@yopmail.com,Talya.Martguerita@gmail.com,developer
748,Oona,Hurley,Oona.Hurley@yopmail.com,Oona.Hurley@gmail.com,worker
749,Kara-Lynn,Taima,Kara-Lynn.Taima@yopmail.com,Kara-Lynn.Taima@gmail.com,developer
750,Debee,Wareing,Debee.Wareing@yopmail.com,Debee.Wareing@gmail.com,police officer
751,Vivia,Kellby,Vivia.Kellby@yopmail.com,Vivia.Kellby@gmail.com,worker
752,Clary,Haymes,Clary.Haymes@yopmail.com,Clary.Haymes@gmail.com,police officer
753,Kamilah,Decato,Kamilah.Decato@yopmail.com,Kamilah.Decato@gmail.com,firefighter
754,Tybie,Elvyn,Tybie.Elvyn@yopmail.com,Tybie.Elvyn@gmail.com,worker
755,Nariko,Justinn,Nariko.Justinn@yopmail.com,Nariko.Justinn@gmail.com,worker
756,Odessa,Tiffa,Odessa.Tiffa@yopmail.com,Odessa.Tiffa@gmail.com,developer
757,Dominga,Mott,Dominga.Mott@yopmail.com,Dominga.Mott@gmail.com,worker
758,Marita,Marijo,Marita.Marijo@yopmail.com,Marita.Marijo@gmail.com,doctor
759,Edyth,Bandeen,Edyth.Bandeen@yopmail.com,Edyth.Bandeen@gmail.com,developer
760,Mildrid,Buckler,Mildrid.Buckler@yopmail.com,Mildrid.Buckler@gmail.com,police officer
761,Diena,Greyson,Diena.Greyson@yopmail.com,Diena.Greyson@gmail.com,doctor
762,Camile,Saint,Camile.Saint@yopmail.com,Camile.Saint@gmail.com,firefighter
763,Linzy,Vittoria,Linzy.Vittoria@yopmail.com,Linzy.Vittoria@gmail.com,police officer
764,Melodie,Artie,Melodie.Artie@yopmail.com,Melodie.Artie@gmail.com,doctor
765,Ezmeralda,Granoff,Ezmeralda.Granoff@yopmail.com,Ezmeralda.Granoff@gmail.com,worker
766,Verla,Germann,Verla.Germann@yopmail.com,Verla.Germann@gmail.com,police officer
767,Kial,Zachary,Kial.Zachary@yopmail.com,Kial.Zachary@gmail.com,firefighter
768,Millie,Tacye,Millie.Tacye@yopmail.com,Millie.Tacye@gmail.com,developer
769,Libbie,Ader,Libbie.Ader@yopmail.com,Libbie.Ader@gmail.com,developer
770,Tarra,Jess,Tarra.Jess@yopmail.com,Tarra.Jess@gmail.com,developer
771,Lelah,Connelly,Lelah.Connelly@yopmail.com,Lelah.Connelly@gmail.com,police officer
772,Larine,Anyah,Larine.Anyah@yopmail.com,Larine.Anyah@gmail.com,firefighter
773,Juliane,Hutchison,Juliane.Hutchison@yopmail.com,Juliane.Hutchison@gmail.com,doctor
774,Dale,Grobe,Dale.Grobe@yopmail.com,Dale.Grobe@gmail.com,firefighter
775,Catrina,Hillel,Catrina.Hillel@yopmail.com,Catrina.Hillel@gmail.com,developer
776,Stevana,Vins,Stevana.Vins@yopmail.com,Stevana.Vins@gmail.com,doctor
777,Orelia,Maroney,Orelia.Maroney@yopmail.com,Orelia.Maroney@gmail.com,police officer
778,Jeanna,My,Jeanna.My@yopmail.com,Jeanna.My@gmail.com,doctor
779,Tabbatha,Warthman,Tabbatha.Warthman@yopmail.com,Tabbatha.Warthman@gmail.com,worker
780,Odessa,Podvin,Odessa.Podvin@yopmail.com,Odessa.Podvin@gmail.com,police officer
781,Kathi,Jagir,Kathi.Jagir@yopmail.com,Kathi.Jagir@gmail.com,police officer
782,Kamilah,McClimans,Kamilah.McClimans@yopmail.com,Kamilah.McClimans@gmail.com,firefighter
783,Sam,Fosque,Sam.Fosque@yopmail.com,Sam.Fosque@gmail.com,doctor
784,Allyce,Wadell,Allyce.Wadell@yopmail.com,Allyce.Wadell@gmail.com,doctor
785,Cordi,Ehrman,Cordi.Ehrman@yopmail.com,Cordi.Ehrman@gmail.com,developer
786,Cristabel,Waldron,Cristabel.Waldron@yopmail.com,Cristabel.Waldron@gmail.com,developer
787,Estell,Connelly,Estell.Connelly@yopmail.com,Estell.Connelly@gmail.com,police officer
788,Randa,Cristi,Randa.Cristi@yopmail.com,Randa.Cristi@gmail.com,firefighter
789,Donetta,Celestine,Donetta.Celestine@yopmail.com,Donetta.Celestine@gmail.com,doctor
790,Christal,Amadas,Christal.Amadas@yopmail.com,Christal.Amadas@gmail.com,police officer
791,Valeda,Obed,Valeda.Obed@yopmail.com,Valeda.Obed@gmail.com,doctor
792,Paulita,Lattie,Paulita.Lattie@yopmail.com,Paulita.Lattie@gmail.com,developer
793,Latisha,Lory,Latisha.Lory@yopmail.com,Latisha.Lory@gmail.com,developer
794,Alyssa,Jacqui,Alyssa.Jacqui@yopmail.com,Alyssa.Jacqui@gmail.com,worker
795,Nananne,Goldina,Nananne.Goldina@yopmail.com,Nananne.Goldina@gmail.com,doctor
796,Katuscha,Erb,Katuscha.Erb@yopmail.com,Katuscha.Erb@gmail.com,firefighter
797,Codie,Kinnard,Codie.Kinnard@yopmail.com,Codie.Kinnard@gmail.com,developer
798,Emma,Jerold,Emma.Jerold@yopmail.com,Emma.Jerold@gmail.com,firefighter
799,Nessie,Lattie,Nessie.Lattie@yopmail.com,Nessie.Lattie@gmail.com,developer
800,Larine,Rodmann,Larine.Rodmann@yopmail.com,Larine.Rodmann@gmail.com,doctor
801,Beth,Sidonius,Beth.Sidonius@yopmail.com,Beth.Sidonius@gmail.com,developer
802,Iseabal,Claudine,Iseabal.Claudine@yopmail.com,Iseabal.Claudine@gmail.com,developer
803,Elena,Allare,Elena.Allare@yopmail.com,Elena.Allare@gmail.com,firefighter
804,Emilia,Socha,Emilia.Socha@yopmail.com,Emilia.Socha@gmail.com,worker
805,Sybille,Dawkins,Sybille.Dawkins@yopmail.com,Sybille.Dawkins@gmail.com,worker
806,Sabina,Ledah,Sabina.Ledah@yopmail.com,Sabina.Ledah@gmail.com,worker
807,Corry,Paton,Corry.Paton@yopmail.com,Corry.Paton@gmail.com,doctor
808,Gwenneth,Ackerley,Gwenneth.Ackerley@yopmail.com,Gwenneth.Ackerley@gmail.com,worker
809,Constance,Kussell,Constance.Kussell@yopmail.com,Constance.Kussell@gmail.com,worker
810,Ingrid,Cosenza,Ingrid.Cosenza@yopmail.com,Ingrid.Cosenza@gmail.com,firefighter
811,Amara,Concha,Amara.Concha@yopmail.com,Amara.Concha@gmail.com,doctor
812,Sarette,Forrer,Sarette.Forrer@yopmail.com,Sarette.Forrer@gmail.com,worker
813,Althea,Waldron,Althea.Waldron@yopmail.com,Althea.Waldron@gmail.com,police officer
814,Brooks,Adalbert,Brooks.Adalbert@yopmail.com,Brooks.Adalbert@gmail.com,police officer
815,Alisha,Eugenia,Alisha.Eugenia@yopmail.com,Alisha.Eugenia@gmail.com,firefighter
816,Gabriellia,Raul,Gabriellia.Raul@yopmail.com,Gabriellia.Raul@gmail.com,developer
817,Leanna,Yorick,Leanna.Yorick@yopmail.com,Leanna.Yorick@gmail.com,firefighter
818,Reeba,Destinee,Reeba.Destinee@yopmail.com,Reeba.Destinee@gmail.com,developer
819,Beth,Dorothy,Beth.Dorothy@yopmail.com,Beth.Dorothy@gmail.com,developer
820,Nyssa,Atonsah,Nyssa.Atonsah@yopmail.com,Nyssa.Atonsah@gmail.com,police officer
821,Gale,Mata,Gale.Mata@yopmail.com,Gale.Mata@gmail.com,developer
822,Henriette,Ax,Henriette.Ax@yopmail.com,Henriette.Ax@gmail.com,doctor
823,Gwenneth,Salchunas,Gwenneth.Salchunas@yopmail.com,Gwenneth.Salchunas@gmail.com,developer
824,Teddie,Center,Teddie.Center@yopmail.com,Teddie.Center@gmail.com,police officer
825,Phylis,Dearborn,Phylis.Dearborn@yopmail.com,Phylis.Dearborn@gmail.com,developer
826,Halette,Mich,Halette.Mich@yopmail.com,Halette.Mich@gmail.com,firefighter
827,Sophia,Gaal,Sophia.Gaal@yopmail.com,Sophia.Gaal@gmail.com,firefighter
828,Fayre,Aaberg,Fayre.Aaberg@yopmail.com,Fayre.Aaberg@gmail.com,firefighter
829,Nadine,Jillane,Nadine.Jillane@yopmail.com,Nadine.Jillane@gmail.com,police officer
830,Bee,August,Bee.August@yopmail.com,Bee.August@gmail.com,firefighter
831,Tami,Rodmann,Tami.Rodmann@yopmail.com,Tami.Rodmann@gmail.com,firefighter
832,Layla,Bandeen,Layla.Bandeen@yopmail.com,Layla.Bandeen@gmail.com,police officer
833,Kristina,Berriman,Kristina.Berriman@yopmail.com,Kristina.Berriman@gmail.com,doctor
834,Adriana,Wesle,Adriana.Wesle@yopmail.com,Adriana.Wesle@gmail.com,police officer
835,Teriann,Garbe,Teriann.Garbe@yopmail.com,Teriann.Garbe@gmail.com,worker
836,Estell,Lattie,Estell.Lattie@yopmail.com,Estell.Lattie@gmail.com,worker
837,Phylis,Nisbet,Phylis.Nisbet@yopmail.com,Phylis.Nisbet@gmail.com,worker
838,Kittie,Keelia,Kittie.Keelia@yopmail.com,Kittie.Keelia@gmail.com,firefighter
839,Orelia,Llovera,Orelia.Llovera@yopmail.com,Orelia.Llovera@gmail.com,police officer
840,Tomasina,Kiersten,Tomasina.Kiersten@yopmail.com,Tomasina.Kiersten@gmail.com,police officer
841,Margette,Joni,Margette.Joni@yopmail.com,Margette.Joni@gmail.com,police officer
842,Christian,Olympium,Christian.Olympium@yopmail.com,Christian.Olympium@gmail.com,firefighter
843,Aaren,Larochelle,Aaren.Larochelle@yopmail.com,Aaren.Larochelle@gmail.com,doctor
844,Deirdre,Tannie,Deirdre.Tannie@yopmail.com,Deirdre.Tannie@gmail.com,firefighter
845,Ebonee,Desai,Ebonee.Desai@yopmail.com,Ebonee.Desai@gmail.com,doctor
846,Collen,Sallyann,Collen.Sallyann@yopmail.com,Collen.Sallyann@gmail.com,developer
847,Larine,Moina,Larine.Moina@yopmail.com,Larine.Moina@gmail.com,firefighter
848,Dulce,Grosz,Dulce.Grosz@yopmail.com,Dulce.Grosz@gmail.com,doctor
849,Charlena,Felizio,Charlena.Felizio@yopmail.com,Charlena.Felizio@gmail.com,doctor
850,Aeriela,Schenck,Aeriela.Schenck@yopmail.com,Aeriela.Schenck@gmail.com,worker
851,Georgetta,Obed,Georgetta.Obed@yopmail.com,Georgetta.Obed@gmail.com,police officer
852,Julieta,Izaak,Julieta.Izaak@yopmail.com,Julieta.Izaak@gmail.com,doctor
853,Desirae,Nickola,Desirae.Nickola@yopmail.com,Desirae.Nickola@gmail.com,doctor
854,Mellicent,Amand,Mellicent.Amand@yopmail.com,Mellicent.Amand@gmail.com,police officer
855,Judy,Prober,Judy.Prober@yopmail.com,Judy.Prober@gmail.com,police officer
856,Selma,Hull,Selma.Hull@yopmail.com,Selma.Hull@gmail.com,doctor
857,Emylee,Hertzfeld,Emylee.Hertzfeld@yopmail.com,Emylee.Hertzfeld@gmail.com,developer
858,Daryl,Holbrook,Daryl.Holbrook@yopmail.com,Daryl.Holbrook@gmail.com,police officer
859,Sophia,Randene,Sophia.Randene@yopmail.com,Sophia.Randene@gmail.com,police officer
860,Carree,Pulsifer,Carree.Pulsifer@yopmail.com,Carree.Pulsifer@gmail.com,worker
861,Vivia,Glovsky,Vivia.Glovsky@yopmail.com,Vivia.Glovsky@gmail.com,developer
862,Lilith,Donell,Lilith.Donell@yopmail.com,Lilith.Donell@gmail.com,doctor
863,Carilyn,Tice,Carilyn.Tice@yopmail.com,Carilyn.Tice@gmail.com,worker
864,Juliane,Ricarda,Juliane.Ricarda@yopmail.com,Juliane.Ricarda@gmail.com,developer
865,Nanete,Marisa,Nanete.Marisa@yopmail.com,Nanete.Marisa@gmail.com,worker
866,Clementine,Sabella,Clementine.Sabella@yopmail.com,Clementine.Sabella@gmail.com,police officer
867,Angelique,Lissi,Angelique.Lissi@yopmail.com,Angelique.Lissi@gmail.com,firefighter
868,Fred,Gert,Fred.Gert@yopmail.com,Fred.Gert@gmail.com,worker
869,Benita,Toor,Benita.Toor@yopmail.com,Benita.Toor@gmail.com,firefighter
870,Charmaine,Morrill,Charmaine.Morrill@yopmail.com,Charmaine.Morrill@gmail.com,police officer
871,Flo,Iaverne,Flo.Iaverne@yopmail.com,Flo.Iaverne@gmail.com,firefighter
872,Layla,Nore,Layla.Nore@yopmail.com,Layla.Nore@gmail.com,worker
873,Collen,Mayeda,Collen.Mayeda@yopmail.com,Collen.Mayeda@gmail.com,developer
874,Binny,Corilla,Binny.Corilla@yopmail.com,Binny.Corilla@gmail.com,developer
875,Queenie,Behre,Queenie.Behre@yopmail.com,Queenie.Behre@gmail.com,worker
876,Lila,Whiffen,Lila.Whiffen@yopmail.com,Lila.Whiffen@gmail.com,doctor
877,Robbi,Tillford,Robbi.Tillford@yopmail.com,Robbi.Tillford@gmail.com,police officer
878,Kate,Allina,Kate.Allina@yopmail.com,Kate.Allina@gmail.com,developer
879,Penelopa,Delp,Penelopa.Delp@yopmail.com,Penelopa.Delp@gmail.com,doctor
880,Heddie,Bartlett,Heddie.Bartlett@yopmail.com,Heddie.Bartlett@gmail.com,doctor
881,Madeleine,Calhoun,Madeleine.Calhoun@yopmail.com,Madeleine.Calhoun@gmail.com,police officer
882,Daphne,Nance,Daphne.Nance@yopmail.com,Daphne.Nance@gmail.com,worker
883,Agnese,Ramona,Agnese.Ramona@yopmail.com,Agnese.Ramona@gmail.com,worker
884,Dorice,Rad,Dorice.Rad@yopmail.com,Dorice.Rad@gmail.com,worker
885,Minda,Swanhildas,Minda.Swanhildas@yopmail.com,Minda.Swanhildas@gmail.com,firefighter
886,Tersina,Lane,Tersina.Lane@yopmail.com,Tersina.Lane@gmail.com,doctor
887,Janeczka,Sherrie,Janeczka.Sherrie@yopmail.com,Janeczka.Sherrie@gmail.com,worker
888,Adele,Millda,Adele.Millda@yopmail.com,Adele.Millda@gmail.com,doctor
889,Cam,Birdella,Cam.Birdella@yopmail.com,Cam.Birdella@gmail.com,doctor
890,Ivett,Amasa,Ivett.Amasa@yopmail.com,Ivett.Amasa@gmail.com,worker
891,Teriann,Ardeha,Teriann.Ardeha@yopmail.com,Teriann.Ardeha@gmail.com,firefighter
892,Kara-Lynn,Vorster,Kara-Lynn.Vorster@yopmail.com,Kara-Lynn.Vorster@gmail.com,doctor
893,Flo,Longfellow,Flo.Longfellow@yopmail.com,Flo.Longfellow@gmail.com,developer
894,Bobinette,Emanuel,Bobinette.Emanuel@yopmail.com,Bobinette.Emanuel@gmail.com,firefighter
895,Jenilee,Woodberry,Jenilee.Woodberry@yopmail.com,Jenilee.Woodberry@gmail.com,doctor
896,Tatiania,Faust,Tatiania.Faust@yopmail.com,Tatiania.Faust@gmail.com,worker
897,Concettina,Earlie,Concettina.Earlie@yopmail.com,Concettina.Earlie@gmail.com,worker
898,Kylynn,Phyllis,Kylynn.Phyllis@yopmail.com,Kylynn.Phyllis@gmail.com,police officer
899,Vonny,Thomasina,Vonny.Thomasina@yopmail.com,Vonny.Thomasina@gmail.com,firefighter
900,Belinda,Dimitris,Belinda.Dimitris@yopmail.com,Belinda.Dimitris@gmail.com,developer
901,Daryl,Goerke,Daryl.Goerke@yopmail.com,Daryl.Goerke@gmail.com,worker
902,Danny,Mich,Danny.Mich@yopmail.com,Danny.Mich@gmail.com,police officer
903,Averyl,Munn,Averyl.Munn@yopmail.com,Averyl.Munn@gmail.com,developer
904,Ashlee,Ader,Ashlee.Ader@yopmail.com,Ashlee.Ader@gmail.com,developer
905,Dominga,Amethist,Dominga.Amethist@yopmail.com,Dominga.Amethist@gmail.com,police officer
906,Adele,Heidt,Adele.Heidt@yopmail.com,Adele.Heidt@gmail.com,worker
907,Nariko,Rustice,Nariko.Rustice@yopmail.com,Nariko.Rustice@gmail.com,doctor
908,Fina,Sheng,Fina.Sheng@yopmail.com,Fina.Sheng@gmail.com,doctor
909,Sheelagh,Daveta,Sheelagh.Daveta@yopmail.com,Sheelagh.Daveta@gmail.com,developer
910,Consuela,Ries,Consuela.Ries@yopmail.com,Consuela.Ries@gmail.com,developer
911,Darlleen,Gino,Darlleen.Gino@yopmail.com,Darlleen.Gino@gmail.com,worker
912,Trudie,Hewitt,Trudie.Hewitt@yopmail.com,Trudie.Hewitt@gmail.com,worker
913,Karolina,Haldas,Karolina.Haldas@yopmail.com,Karolina.Haldas@gmail.com,developer
914,Diena,Felecia,Diena.Felecia@yopmail.com,Diena.Felecia@gmail.com,developer
915,Vonny,Brenn,Vonny.Brenn@yopmail.com,Vonny.Brenn@gmail.com,police officer
916,Brandise,Gilbertson,Brandise.Gilbertson@yopmail.com,Brandise.Gilbertson@gmail.com,developer
917,Sonni,Toni,Sonni.Toni@yopmail.com,Sonni.Toni@gmail.com,worker
918,Judy,Fiann,Judy.Fiann@yopmail.com,Judy.Fiann@gmail.com,developer
919,Lanna,Glovsky,Lanna.Glovsky@yopmail.com,Lanna.Glovsky@gmail.com,firefighter
920,Clary,Astra,Clary.Astra@yopmail.com,Clary.Astra@gmail.com,doctor
921,Nickie,Idelia,Nickie.Idelia@yopmail.com,Nickie.Idelia@gmail.com,firefighter
922,Juliane,Graig,Juliane.Graig@yopmail.com,Juliane.Graig@gmail.com,firefighter
923,Briney,Heidt,Briney.Heidt@yopmail.com,Briney.Heidt@gmail.com,worker
924,Kristan,Thilda,Kristan.Thilda@yopmail.com,Kristan.Thilda@gmail.com,worker
925,Alameda,Stover,Alameda.Stover@yopmail.com,Alameda.Stover@gmail.com,developer
926,Belva,Trinetta,Belva.Trinetta@yopmail.com,Belva.Trinetta@gmail.com,police officer
927,Stacey,Wenoa,Stacey.Wenoa@yopmail.com,Stacey.Wenoa@gmail.com,worker
928,Mildrid,Andrel,Mildrid.Andrel@yopmail.com,Mildrid.Andrel@gmail.com,developer
929,Danny,Dearborn,Danny.Dearborn@yopmail.com,Danny.Dearborn@gmail.com,worker
930,Ericka,Wind,Ericka.Wind@yopmail.com,Ericka.Wind@gmail.com,firefighter
931,Charlena,O'Carroll,Charlena.O'Carroll@yopmail.com,Charlena.O'Carroll@gmail.com,police officer
932,Robinia,Ariella,Robinia.Ariella@yopmail.com,Robinia.Ariella@gmail.com,firefighter
933,Angela,Socha,Angela.Socha@yopmail.com,Angela.Socha@gmail.com,doctor
934,Amalie,Ax,Amalie.Ax@yopmail.com,Amalie.Ax@gmail.com,developer
935,Sissy,Urias,Sissy.Urias@yopmail.com,Sissy.Urias@gmail.com,worker
936,Tamqrah,Socha,Tamqrah.Socha@yopmail.com,Tamqrah.Socha@gmail.com,police officer
937,Gusella,Hailee,Gusella.Hailee@yopmail.com,Gusella.Hailee@gmail.com,developer
938,Tierney,Swanhildas,Tierney.Swanhildas@yopmail.com,Tierney.Swanhildas@gmail.com,firefighter
939,Lusa,Gale,Lusa.Gale@yopmail.com,Lusa.Gale@gmail.com,worker
940,Eve,Pulsifer,Eve.Pulsifer@yopmail.com,Eve.Pulsifer@gmail.com,firefighter
941,Mireielle,Heisel,Mireielle.Heisel@yopmail.com,Mireielle.Heisel@gmail.com,doctor
942,Aurelie,Lasley,Aurelie.Lasley@yopmail.com,Aurelie.Lasley@gmail.com,police officer
943,Ermengarde,Dermott,Ermengarde.Dermott@yopmail.com,Ermengarde.Dermott@gmail.com,developer
944,Kenna,Felizio,Kenna.Felizio@yopmail.com,Kenna.Felizio@gmail.com,developer
945,Betta,Pernick,Betta.Pernick@yopmail.com,Betta.Pernick@gmail.com,firefighter
946,Margalo,McAdams,Margalo.McAdams@yopmail.com,Margalo.McAdams@gmail.com,firefighter
947,Margarette,Merell,Margarette.Merell@yopmail.com,Margarette.Merell@gmail.com,police officer
948,Gui,Rustice,Gui.Rustice@yopmail.com,Gui.Rustice@gmail.com,worker
949,Glynnis,Johnsson,Glynnis.Johnsson@yopmail.com,Glynnis.Johnsson@gmail.com,developer
950,Merry,Allys,Merry.Allys@yopmail.com,Merry.Allys@gmail.com,firefighter
951,Celestyna,Stevy,Celestyna.Stevy@yopmail.com,Celestyna.Stevy@gmail.com,doctor
952,Carmela,Margarete,Carmela.Margarete@yopmail.com,Carmela.Margarete@gmail.com,police officer
953,Damaris,Kelula,Damaris.Kelula@yopmail.com,Damaris.Kelula@gmail.com,developer
954,Tilly,Pillsbury,Tilly.Pillsbury@yopmail.com,Tilly.Pillsbury@gmail.com,worker
955,Elsie,Grosz,Elsie.Grosz@yopmail.com,Elsie.Grosz@gmail.com,developer
956,Vonny,Garbe,Vonny.Garbe@yopmail.com,Vonny.Garbe@gmail.com,firefighter
957,Lelah,Hutchison,Lelah.Hutchison@yopmail.com,Lelah.Hutchison@gmail.com,developer
958,Lily,Argus,Lily.Argus@yopmail.com,Lily.Argus@gmail.com,doctor
959,Almeta,Adlare,Almeta.Adlare@yopmail.com,Almeta.Adlare@gmail.com,developer
960,Roxane,Erlandson,Roxane.Erlandson@yopmail.com,Roxane.Erlandson@gmail.com,firefighter
961,Danny,Robertson,Danny.Robertson@yopmail.com,Danny.Robertson@gmail.com,police officer
962,Alameda,Vacuva,Alameda.Vacuva@yopmail.com,Alameda.Vacuva@gmail.com,firefighter
963,Elvira,Cavan,Elvira.Cavan@yopmail.com,Elvira.Cavan@gmail.com,worker
964,Kelly,Gordon,Kelly.Gordon@yopmail.com,Kelly.Gordon@gmail.com,developer
965,Hermione,Chauncey,Hermione.Chauncey@yopmail.com,Hermione.Chauncey@gmail.com,firefighter
966,Ketti,Kress,Ketti.Kress@yopmail.com,Ketti.Kress@gmail.com,police officer
967,Kary,McNully,Kary.McNully@yopmail.com,Kary.McNully@gmail.com,doctor
968,Ericka,Junie,Ericka.Junie@yopmail.com,Ericka.Junie@gmail.com,police officer
969,Lonnie,Slifka,Lonnie.Slifka@yopmail.com,Lonnie.Slifka@gmail.com,developer
970,Latisha,Vivle,Latisha.Vivle@yopmail.com,Latisha.Vivle@gmail.com,police officer
971,Margette,Jary,Margette.Jary@yopmail.com,Margette.Jary@gmail.com,developer
972,Dione,Euridice,Dione.Euridice@yopmail.com,Dione.Euridice@gmail.com,worker
973,Gaylene,Latini,Gaylene.Latini@yopmail.com,Gaylene.Latini@gmail.com,firefighter
974,Dari,Fairweather,Dari.Fairweather@yopmail.com,Dari.Fairweather@gmail.com,developer
975,Vita,Obed,Vita.Obed@yopmail.com,Vita.Obed@gmail.com,worker
976,Romona,Chick,Romona.Chick@yopmail.com,Romona.Chick@gmail.com,worker
977,Larine,McAdams,Larine.McAdams@yopmail.com,Larine.McAdams@gmail.com,firefighter
978,Zia,Vivle,Zia.Vivle@yopmail.com,Zia.Vivle@gmail.com,firefighter
979,Olivette,Stav,Olivette.Stav@yopmail.com,Olivette.Stav@gmail.com,police officer
980,Jorry,Vernier,Jorry.Vernier@yopmail.com,Jorry.Vernier@gmail.com,police officer
981,Lynea,Joni,Lynea.Joni@yopmail.com,Lynea.Joni@gmail.com,worker
982,Ezmeralda,Nadia,Ezmeralda.Nadia@yopmail.com,Ezmeralda.Nadia@gmail.com,worker
983,Joelly,Letsou,Joelly.Letsou@yopmail.com,Joelly.Letsou@gmail.com,developer
984,Marylou,Carleen,Marylou.Carleen@yopmail.com,Marylou.Carleen@gmail.com,worker
985,Sabina,Whittaker,Sabina.Whittaker@yopmail.com,Sabina.Whittaker@gmail.com,doctor
986,Stevana,Joseph,Stevana.Joseph@yopmail.com,Stevana.Joseph@gmail.com,developer
987,Jerry,Trey,Jerry.Trey@yopmail.com,Jerry.Trey@gmail.com,worker
988,Louella,Nea,Louella.Nea@yopmail.com,Louella.Nea@gmail.com,police officer
989,Rhea,Natica,Rhea.Natica@yopmail.com,Rhea.Natica@gmail.com,developer
990,Ivett,Johnsson,Ivett.Johnsson@yopmail.com,Ivett.Johnsson@gmail.com,developer
991,Krystle,Bartlett,Krystle.Bartlett@yopmail.com,Krystle.Bartlett@gmail.com,worker
992,Karly,Ricarda,Karly.Ricarda@yopmail.com,Karly.Ricarda@gmail.com,developer
993,Margarette,Buckler,Margarette.Buckler@yopmail.com,Margarette.Buckler@gmail.com,doctor
994,Damaris,Wilkinson,Damaris.Wilkinson@yopmail.com,Damaris.Wilkinson@gmail.com,police officer
995,Chickie,Stanwood,Chickie.Stanwood@yopmail.com,Chickie.Stanwood@gmail.com,police officer
996,Berta,Felizio,Berta.Felizio@yopmail.com,Berta.Felizio@gmail.com,police officer
997,Brooks,Berl,Brooks.Berl@yopmail.com,Brooks.Berl@gmail.com,doctor
998,Carol-Jean,Harriman,Carol-Jean.Harriman@yopmail.com,Carol-Jean.Harriman@gmail.com,doctor
999,Winny,Chinua,Winny.Chinua@yopmail.com,Winny.Chinua@gmail.com,doctor
1000,Orsola,Helve,Orsola.Helve@yopmail.com,Orsola.Helve@gmail.com,firefighter
1001,Iseabal,Margret,Iseabal.Margret@yopmail.com,Iseabal.Margret@gmail.com,police officer
1002,Suzette,Pozzy,Suzette.Pozzy@yopmail.com,Suzette.Pozzy@gmail.com,worker
1003,Alleen,Helve,Alleen.Helve@yopmail.com,Alleen.Helve@gmail.com,doctor
1004,Cathie,Norvol,Cathie.Norvol@yopmail.com,Cathie.Norvol@gmail.com,police officer
1005,Robbi,Moseley,Robbi.Moseley@yopmail.com,Robbi.Moseley@gmail.com,police officer
1006,Elora,Seumas,Elora.Seumas@yopmail.com,Elora.Seumas@gmail.com,worker
1007,Winifred,Susannah,Winifred.Susannah@yopmail.com,Winifred.Susannah@gmail.com,developer
1008,Starla,Bach,Starla.Bach@yopmail.com,Starla.Bach@gmail.com,police officer
1009,Dulcinea,Izaak,Dulcinea.Izaak@yopmail.com,Dulcinea.Izaak@gmail.com,worker
1010,Claresta,Diann,Claresta.Diann@yopmail.com,Claresta.Diann@gmail.com,firefighter
1011,Louella,Gabrielli,Louella.Gabrielli@yopmail.com,Louella.Gabrielli@gmail.com,police officer
1012,Roslyn,Maurine,Roslyn.Maurine@yopmail.com,Roslyn.Maurine@gmail.com,developer
1013,Jasmina,Thad,Jasmina.Thad@yopmail.com,Jasmina.Thad@gmail.com,firefighter
1014,Kenna,Riva,Kenna.Riva@yopmail.com,Kenna.Riva@gmail.com,worker
1015,Jeanna,Zina,Jeanna.Zina@yopmail.com,Jeanna.Zina@gmail.com,developer
1016,Dianemarie,Himelman,Dianemarie.Himelman@yopmail.com,Dianemarie.Himelman@gmail.com,police officer
1017,Brooks,Dom,Brooks.Dom@yopmail.com,Brooks.Dom@gmail.com,firefighter
1018,Aurore,Truc,Aurore.Truc@yopmail.com,Aurore.Truc@gmail.com,firefighter
1019,Jeanna,Shuler,Jeanna.Shuler@yopmail.com,Jeanna.Shuler@gmail.com,doctor
1020,Nadine,Margarete,Nadine.Margarete@yopmail.com,Nadine.Margarete@gmail.com,worker
1021,Dede,Grosz,Dede.Grosz@yopmail.com,Dede.Grosz@gmail.com,firefighter
1022,Layla,Geffner,Layla.Geffner@yopmail.com,Layla.Geffner@gmail.com,police officer
1023,Sibella,Brackely,Sibella.Brackely@yopmail.com,Sibella.Brackely@gmail.com,worker
1024,Kial,Radu,Kial.Radu@yopmail.com,Kial.Radu@gmail.com,worker
1025,Ada,Milson,Ada.Milson@yopmail.com,Ada.Milson@gmail.com,police officer
1026,Chickie,Cohdwell,Chickie.Cohdwell@yopmail.com,Chickie.Cohdwell@gmail.com,doctor
1027,Fina,Karl,Fina.Karl@yopmail.com,Fina.Karl@gmail.com,worker
1028,Clary,Bord,Clary.Bord@yopmail.com,Clary.Bord@gmail.com,developer
1029,Evita,Smitt,Evita.Smitt@yopmail.com,Evita.Smitt@gmail.com,firefighter
1030,Marcy,Lilas,Marcy.Lilas@yopmail.com,Marcy.Lilas@gmail.com,firefighter
1031,Talya,Raul,Talya.Raul@yopmail.com,Talya.Raul@gmail.com,developer
1032,Jaclyn,Maroney,Jaclyn.Maroney@yopmail.com,Jaclyn.Maroney@gmail.com,police officer
1033,Rori,Holtz,Rori.Holtz@yopmail.com,Rori.Holtz@gmail.com,developer
1034,Aurelie,Hilbert,Aurelie.Hilbert@yopmail.com,Aurelie.Hilbert@gmail.com,police officer
1035,Christy,Auberbach,Christy.Auberbach@yopmail.com,Christy.Auberbach@gmail.com,firefighter
1036,Kore,Whiffen,Kore.Whiffen@yopmail.com,Kore.Whiffen@gmail.com,firefighter
1037,Zaria,Fabiola,Zaria.Fabiola@yopmail.com,Zaria.Fabiola@gmail.com,developer
1038,Livvyy,Old,Livvyy.Old@yopmail.com,Livvyy.Old@gmail.com,police officer
1039,Kerrin,Shuler,Kerrin.Shuler@yopmail.com,Kerrin.Shuler@gmail.com,police officer
1040,Merrie,Barbey,Merrie.Barbey@yopmail.com,Merrie.Barbey@gmail.com,police officer
1041,Kenna,Ledah,Kenna.Ledah@yopmail.com,Kenna.Ledah@gmail.com,worker
1042,Selma,Melleta,Selma.Melleta@yopmail.com,Selma.Melleta@gmail.com,doctor
1043,Cyndie,Rozanna,Cyndie.Rozanna@yopmail.com,Cyndie.Rozanna@gmail.com,developer
1044,Kathy,Ulphia,Kathy.Ulphia@yopmail.com,Kathy.Ulphia@gmail.com,worker
1045,Fred,Raimondo,Fred.Raimondo@yopmail.com,Fred.Raimondo@gmail.com,doctor
1046,Viviene,Pillsbury,Viviene.Pillsbury@yopmail.com,Viviene.Pillsbury@gmail.com,firefighter
1047,Elka,Danby,Elka.Danby@yopmail.com,Elka.Danby@gmail.com,developer
1048,Camile,Stelle,Camile.Stelle@yopmail.com,Camile.Stelle@gmail.com,doctor
1049,Hyacinthe,Barbey,Hyacinthe.Barbey@yopmail.com,Hyacinthe.Barbey@gmail.com,doctor
1050,Rochette,Callista,Rochette.Callista@yopmail.com,Rochette.Callista@gmail.com,doctor
1051,Tani,Etom,Tani.Etom@yopmail.com,Tani.Etom@gmail.com,developer
1052,Chandra,Gusella,Chandra.Gusella@yopmail.com,Chandra.Gusella@gmail.com,developer
1053,Roslyn,Alfons,Roslyn.Alfons@yopmail.com,Roslyn.Alfons@gmail.com,doctor
1054,Wilma,Leifeste,Wilma.Leifeste@yopmail.com,Wilma.Leifeste@gmail.com,police officer
1055,Babita,Erskine,Babita.Erskine@yopmail.com,Babita.Erskine@gmail.com,firefighter
1056,Ermengarde,Goerke,Ermengarde.Goerke@yopmail.com,Ermengarde.Goerke@gmail.com,developer
1057,Alyssa,Alexandr,Alyssa.Alexandr@yopmail.com,Alyssa.Alexandr@gmail.com,firefighter
1058,Zondra,Wildermuth,Zondra.Wildermuth@yopmail.com,Zondra.Wildermuth@gmail.com,doctor
1059,Vivia,Tristram,Vivia.Tristram@yopmail.com,Vivia.Tristram@gmail.com,developer
1060,Belva,Felecia,Belva.Felecia@yopmail.com,Belva.Felecia@gmail.com,police officer
1061,Catrina,Hanshaw,Catrina.Hanshaw@yopmail.com,Catrina.Hanshaw@gmail.com,police officer
1062,Tina,Tillford,Tina.Tillford@yopmail.com,Tina.Tillford@gmail.com,worker
1063,Adelle,Dudley,Adelle.Dudley@yopmail.com,Adelle.Dudley@gmail.com,worker
1064,Dulce,Ursulette,Dulce.Ursulette@yopmail.com,Dulce.Ursulette@gmail.com,developer
1065,Vevay,Annice,Vevay.Annice@yopmail.com,Vevay.Annice@gmail.com,developer
1066,Lonnie,Mott,Lonnie.Mott@yopmail.com,Lonnie.Mott@gmail.com,developer
1067,Jerry,Holbrook,Jerry.Holbrook@yopmail.com,Jerry.Holbrook@gmail.com,developer
1068,Caryl,Pascia,Caryl.Pascia@yopmail.com,Caryl.Pascia@gmail.com,doctor
1069,Jessamyn,Ivens,Jessamyn.Ivens@yopmail.com,Jessamyn.Ivens@gmail.com,police officer
1070,Janey,Brodench,Janey.Brodench@yopmail.com,Janey.Brodench@gmail.com,worker
1071,Joane,Janene,Joane.Janene@yopmail.com,Joane.Janene@gmail.com,police officer
1072,Eadie,Killigrew,Eadie.Killigrew@yopmail.com,Eadie.Killigrew@gmail.com,developer
1073,Antonietta,Bergman,Antonietta.Bergman@yopmail.com,Antonietta.Bergman@gmail.com,firefighter
1074,Charlena,Kannry,Charlena.Kannry@yopmail.com,Charlena.Kannry@gmail.com,developer
1075,Gisela,O'Neill,Gisela.O'Neill@yopmail.com,Gisela.O'Neill@gmail.com,worker
1076,Ninnetta,Johnsson,Ninnetta.Johnsson@yopmail.com,Ninnetta.Johnsson@gmail.com,developer
1077,Aryn,Dulciana,Aryn.Dulciana@yopmail.com,Aryn.Dulciana@gmail.com,developer
1078,Isa,Reneta,Isa.Reneta@yopmail.com,Isa.Reneta@gmail.com,police officer
1079,Nikki,Drisko,Nikki.Drisko@yopmail.com,Nikki.Drisko@gmail.com,doctor
1080,Steffane,Riordan,Steffane.Riordan@yopmail.com,Steffane.Riordan@gmail.com,firefighter
1081,Myriam,Dominy,Myriam.Dominy@yopmail.com,Myriam.Dominy@gmail.com,firefighter
1082,Rebeca,Cottle,Rebeca.Cottle@yopmail.com,Rebeca.Cottle@gmail.com,developer
1083,Harmonia,Joachim,Harmonia.Joachim@yopmail.com,Harmonia.Joachim@gmail.com,doctor
1084,Elka,Lutero,Elka.Lutero@yopmail.com,Elka.Lutero@gmail.com,firefighter
1085,Merle,Rosemary,Merle.Rosemary@yopmail.com,Merle.Rosemary@gmail.com,police officer
1086,Emylee,Gert,Emylee.Gert@yopmail.com,Emylee.Gert@gmail.com,developer
1087,Carlie,Carmena,Carlie.Carmena@yopmail.com,Carlie.Carmena@gmail.com,worker
1088,Nadine,Cosenza,Nadine.Cosenza@yopmail.com,Nadine.Cosenza@gmail.com,firefighter
1089,Jillayne,Devlen,Jillayne.Devlen@yopmail.com,Jillayne.Devlen@gmail.com,firefighter
1090,Cassandra,Raimondo,Cassandra.Raimondo@yopmail.com,Cassandra.Raimondo@gmail.com,worker
1091,Sindee,Kazimir,Sindee.Kazimir@yopmail.com,Sindee.Kazimir@gmail.com,doctor
1092,Briney,Velick,Briney.Velick@yopmail.com,Briney.Velick@gmail.com,doctor
1093,Brandise,Haldas,Brandise.Haldas@yopmail.com,Brandise.Haldas@gmail.com,doctor
1094,Phylis,Wyn,Phylis.Wyn@yopmail.com,Phylis.Wyn@gmail.com,worker
1095,Anallese,Giule,Anallese.Giule@yopmail.com,Anallese.Giule@gmail.com,worker
1096,Gratia,Wooster,Gratia.Wooster@yopmail.com,Gratia.Wooster@gmail.com,police officer
1097,Hyacinthe,Wilkinson,Hyacinthe.Wilkinson@yopmail.com,Hyacinthe.Wilkinson@gmail.com,doctor
1098,Mignon,Elisha,Mignon.Elisha@yopmail.com,Mignon.Elisha@gmail.com,firefighter
1099,Angelique,Santoro,Angelique.Santoro@yopmail.com,Angelique.Santoro@gmail.com,firefighter